cnv,effect_size,f,f_pval,ll,protein,rsquared,f_adjpval
2,1.42793408843,72.2037107917,3.00151160661e-15,-340.198367056,PUF60,0.247949143901,2.74338160844e-12
2,2.09245207743,38.4620338554,4.42364556493e-09,-245.980829788,ADRBK1,0.190914551587,2.02160602317e-06
2,3.15335074894,32.8531945887,4.1459900924e-08,-290.783103227,SDAD1,0.155075285282,9.47358736113e-06
2,1.10212950129,33.963315579,3.18161466483e-08,-235.543401796,PLEC,0.180691192185,9.47358736113e-06
2,2.14594265535,32.7151532556,5.71115329678e-08,-244.897391885,ZMPSTE24,0.181031599543,9.5714068885e-06
2,1.36566819273,31.8989449465,6.28319927035e-08,-285.222149427,PCYT1A,0.151252273711,9.5714068885e-06
2,1.79342663454,30.9549464793,7.63283751226e-08,-368.308721038,SSBP1,0.123348620594,9.96630498029e-06
2,2.10722368883,30.0771797701,1.14035352872e-07,-369.604836077,DDX5,0.120754457706,1.30285390656e-05
2,2.05092633322,29.126335983,1.74959071546e-07,-377.219491672,CSE1L,0.116913917865,1.60132759322e-05
2,0.933196045242,30.0563393389,1.75199955495e-07,-210.094096002,PARP10,0.167859677294,1.60132759322e-05
-2,-3.47145232785,28.8260534028,2.00636012831e-07,-393.312026946,ECHS1,0.115848212068,1.66710287025e-05
2,1.99918396411,28.6965620594,2.57788464978e-07,-302.80240956,TBCB,0.138165801951,1.69170774631e-05
2,1.91855080819,28.3023192177,2.55857865272e-07,-397.180935348,BROX,0.114444212684,1.69170774631e-05
2,1.67841371756,28.2663244162,2.59123724817e-07,-363.680432115,TAGLN2,0.113854847139,1.69170774631e-05
2,1.06588844226,28.2101366983,3.3714419008e-07,-205.879431539,ADNP,0.1423243895,2.05433193156e-05
2,2.5429577371,25.9652882382,7.47495277244e-07,-386.44234432,APEX1,0.105564847887,4.27006677126e-05
2,1.77558383727,25.7497212903,8.26032438577e-07,-386.525082598,GSTK1,0.104780266505,4.44113911094e-05
2,1.35860168973,25.6091928885,1.03111506732e-06,-269.902800541,DHX36,0.125161497032,4.54596728213e-05
2,1.53344391519,25.7480899653,1.04447825957e-06,-247.620339255,DNMT1,0.135696174702,4.54596728213e-05
2,1.0498522208,25.8529756196,1.00212551062e-06,-271.407834502,ATAD2,0.136894722123,4.54596728213e-05
2,2.29530020707,25.4623273614,9.46853975649e-07,-376.690249292,VDAC2,0.104156446665,4.54596728213e-05
2,2.03275765865,25.2880398713,1.31190159073e-06,-277.170275325,HEATR6,0.136479612439,5.45035479058e-05
2,2.18450406564,24.8715315236,1.52478746966e-06,-232.749471317,GSPT1,0.129625960277,6.05937281422e-05
2,2.07740440897,24.074260569,2.08298850746e-06,-301.790310274,MTMR12,0.119135710314,7.87206578004e-05
2,1.23581949064,24.0486822008,2.15319085887e-06,-235.218299652,NUP153,0.122044369605,7.87206578004e-05
2,2.56662784454,23.4911494278,2.36948857299e-06,-399.614375027,WDR1,0.0964763995857,8.32966367581e-05
2,1.29995803969,23.2931907724,2.62873218572e-06,-322.333328267,DEK,0.0973416364136,8.89874525092e-05
2,1.82649596612,23.1140466407,2.85162362987e-06,-354.716765705,TNPO3,0.0962627841399,9.30851427752e-05
2,1.61648973097,23.3102731708,3.00471048613e-06,-309.159172555,TECR,0.118140190048,9.47001856662e-05
2,1.65292895488,23.3779887015,3.26460468975e-06,-261.612187697,SLC35E1,0.134838273743,9.94616228811e-05
2,1.59216591876,24.5805807159,3.85048827743e-06,-124.33577267,SEC62,0.232813463889,0.000113527299535
2,2.00042462937,22.2183868999,4.32684974438e-06,-348.865722661,CPT2,0.0921090103678,0.000123585645824
-2,-1.89183076177,21.7637827176,5.35297928545e-06,-383.28375691,PTBP1,0.0900208561968,0.000148261305058
2,1.40665684763,23.6916486841,6.60571546057e-06,-68.1050867226,TOP2A,0.250197868696,0.00017757717444
2,1.27116572942,21.0302996586,7.67158073724e-06,-338.013403939,FH,0.0890999998265,0.000200337851253
2,1.43568428126,21.0533908809,8.52011751958e-06,-274.704362302,FNTA,0.107936554119,0.000216316317025
2,2.03018946063,21.1666165218,8.77590778396e-06,-265.407784897,SLC4A2,0.121530847556,0.000216788640934
2,1.39188123452,20.9651266309,9.58390270738e-06,-201.335696188,RBM28,0.11982460182,0.000230518080909
2,1.08474776926,20.6304031717,1.03087700022e-05,-229.844588953,GTPBP4,0.104919701323,0.000241595276463
2,2.41055204915,20.5336313927,1.08564117671e-05,-276.734772288,PPM1G,0.105553118223,0.000242018545248
2,1.68423144495,20.2888543379,1.08058641032e-05,-381.317440688,PRKCSH,0.0844352701827,0.000242018545248
2,0.847273569343,19.973139199,1.25694098336e-05,-369.733373519,EEF1D,0.0832307285127,0.000267173036928
2,2.14157382811,19.9768928009,1.25468164516e-05,-346.50797463,DLD,0.0832450681719,0.000267173036928
2,1.42410538828,19.8680840821,1.32187481464e-05,-360.149240086,PDIA4,0.0828292107226,0.000274589450131
2,1.2792453902,19.138111564,1.91852993738e-05,-365.238527457,LSM14B,0.0838882702798,0.000389674747281
2,1.61738903666,19.4255267728,1.99781368159e-05,-256.663650293,PRDX2,0.116024880717,0.000393084194254
2,2.32233865971,18.9888736058,2.02133010174e-05,-348.808272166,PDIA6,0.0797889133141,0.000393084194254
2,0.690804980464,19.0669368628,2.14926948046e-05,-222.17859698,ACTL6A,0.0977456106577,0.000409256730238
2,0.98307179682,18.8902093839,2.31749150177e-05,-275.722290954,ACAP2,0.0954580291907,0.000432283108698
2,2.46931909296,18.7123417666,2.60852183822e-05,-277.504707533,PARN,0.100759818053,0.000476837792026
2,1.08570678872,18.4041992492,2.67625305175e-05,-406.353861477,YWHAZ,0.0771974625748,0.000479626527314
2,1.40548333622,17.9784459789,3.57544779146e-05,-287.510252493,GRPEL1,0.0912711331921,0.00062845370796
2,1.48633412838,18.2696248113,3.84616930216e-05,-167.345084261,MYO18A,0.131181690451,0.000657731827118
2,1.53280136091,18.577397255,3.88594296109e-05,-137.29913418,TK1,0.159356768056,0.000657731827118
2,1.19471792292,17.7241155569,4.1636443668e-05,-197.545232472,DDX47,0.0959491158125,0.000687114426833
2,1.54414855723,17.6622457278,4.20989145543e-05,-302.978272563,KIN,0.0921529728544,0.000687114426833
2,1.25845710481,17.4461330742,4.47321616346e-05,-227.91357494,U2AF2,0.08290070632,0.000717284135684
2,2.30242154881,17.8054156792,4.64109373475e-05,-203.529016541,TIMP1,0.12381603012,0.000731372357511
2,1.46739764168,17.1567111769,5.07586753175e-05,-347.701191564,GDI2,0.0790061291862,0.000786329309156
2,1.99577279966,17.0026739496,5.29150705614e-05,-379.648801176,STRAP,0.0717404308832,0.000806072908218
2,1.29910033701,16.9433446937,5.85777808377e-05,-296.245786263,ASNA1,0.0860315677082,0.000877706421076
2,2.20444176008,16.7056068417,6.13731121447e-05,-369.38624055,DNAJC9,0.0711768545562,0.000904758459681
2,1.72379707127,16.8485650429,6.27365444335e-05,-301.306197565,SDC4,0.0901723009704,0.000910177803368
2,1.58543893258,16.3412272229,7.32667595883e-05,-331.432429764,HNRNPA2B1,0.0694363134575,0.00104634091037
2,0.865831867037,16.5015125358,7.65686130373e-05,-156.715547175,DDX27,0.095108753201,0.00106294150636
2,1.83725361518,16.3960351189,7.67550759513e-05,-327.718553642,VDAC3,0.0847795825225,0.00106294150636
2,1.32842176434,16.5692418411,7.8880442154e-05,-149.885295122,RSL1D1,0.107894273895,0.00107607050938
2,0.950672739465,16.2430963149,8.83104086494e-05,-212.073952408,RBM12B,0.0977068923459,0.00118699578685
2,0.91349968676,16.1120297806,9.56726849285e-05,-242.742074551,C8orf82,0.10062972659,0.00124605060468
2,0.877669286954,16.1796143706,9.67938653522e-05,-173.616424617,NDUFC2,0.109931082778,0.00124605060468
2,1.09568797561,15.8369837343,9.42675156474e-05,-300.027039424,PRKDC,0.0683108599809,0.00124605060468
2,1.30167877118,15.7340341105,9.8639821917e-05,-372.278084377,PARP1,0.0667448557859,0.00125217773934
2,2.2560823877,15.8969858018,0.000102499843254,-271.705741482,AIM1,0.0924797239909,0.00128335420184
2,1.34650173951,15.4462635805,0.000113697700184,-354.210565323,LETM1,0.0656041992155,0.00140432024282
2,2.42000641035,15.3951838731,0.000116605018531,-402.560745077,CYCS,0.065401439485,0.00142102649249
2,0.772190325904,15.5170310519,0.000127728326337,-146.537104383,UQCRFS1,0.098510179809,0.00151615182171
2,1.94364213545,15.2370628146,0.0001260923231,-385.942982634,OAT,0.06477322337,0.00151615182171
-2,-2.65853886702,15.1621918114,0.000130854422874,-405.397920072,GLUD1,0.0644754656121,0.00153334541675
2,2.16127470114,15.1519520277,0.000135105788415,-359.7454107,SEPHS1,0.070424422762,0.00156312266596
2,1.11304883397,14.9694483311,0.000144145450428,-371.56500031,UBAP2L,0.0639803548619,0.00164686177114
2,1.08493178078,14.9051885758,0.000148635508385,-337.850479514,EPRS,0.0634519342299,0.00167719573659
2,1.30319082227,14.9211637884,0.000157658244117,-308.355989187,PPOX,0.0785650397816,0.00175731262346
2,1.50170596856,15.2568261889,0.000168846198855,-156.693996002,CASC3,0.130114609825,0.00185934247896
2,1.05749654277,15.0951488522,0.000175814721359,-129.303746701,MRPS7,0.121641732105,0.00191303161098
2,1.50149660175,14.2804175362,0.000216873307116,-288.225946439,EMD,0.0766608628277,0.00233202591416
2,1.84642842819,14.259401894,0.000239865565233,-210.237895585,ERCC4,0.0974939163522,0.00254926891423
2,1.27360597405,14.0308031496,0.000243108137011,-288.790303952,POLB,0.0734478571952,0.00255403261181
2,1.57050869873,14.0873004619,0.000248952264911,-264.846763365,FOXJ3,0.0858524725696,0.00258570875146
2,2.47879526484,13.7519645508,0.000264389615153,-398.872219806,USO1,0.0590842039824,0.00271519222753
2,1.17997428657,13.600042005,0.000299772687472,-330.388610433,S100A13,0.0706128714378,0.00304435818166
2,1.28212637697,13.4062006778,0.000314440507194,-357.404885894,UPF1,0.05768435024,0.00312389808234
2,0.851200247768,13.4258786269,0.000311660787902,-362.056320902,ABCF3,0.0580137308176,0.00312389808234
2,1.37376447696,13.0719256825,0.000372711410379,-271.525788348,LRPPRC,0.056816691753,0.00366299171061
2,1.56814504334,13.084051346,0.000384574066442,-351.486621697,PGLS,0.0663881793411,0.00370000733398
2,0.9928433128,13.0245974761,0.00038097230665,-373.546903997,LMNA,0.0561345547746,0.00370000733398
2,1.34830642826,12.9695640939,0.000391685222106,-386.931550258,ALDH5A1,0.0559106283817,0.0037291697188
2,0.831092527642,12.8441511765,0.000418824396731,-336.323425698,S100A16,0.0563725296882,0.0039464484393
-2,-2.06197755349,12.8040597902,0.000434897815875,-330.951554274,SPG7,0.060739151812,0.00403088175316
2,1.2039789103,12.8907506484,0.000436605354008,-285.659181294,PRKACA,0.0732883940794,0.00403088175316
2,1.60095573273,12.6270634514,0.000514556960228,-252.658567384,SUMO2,0.0806186566558,0.00470305061649
2,0.926205453055,12.3371953247,0.000559996539012,-303.4305181,DLG1,0.0634834484675,0.00506769145205
2,1.18268161752,12.2707090469,0.000569919516393,-341.6628663,CDC37,0.0589171137079,0.00510692586258
2,1.40989933898,12.107273261,0.000605423725697,-383.104765486,ITGB4,0.0521624035768,0.00537240082803
2,0.985151941017,11.9178896064,0.000666630571168,-352.517731394,CALR,0.0513884014151,0.00585865713508
2,2.02203344225,11.8216362497,0.000701229700456,-368.881574971,HNRNPUL1,0.0514383086059,0.00610403758302
2,2.09146648916,11.8375453401,0.000712892763282,-329.557601808,ANKRD17,0.0583597347337,0.00614701873245
2,1.91560823265,11.8366336172,0.000737688722863,-266.740580309,LRRC47,0.0677011068694,0.00630137843642
2,1.60169846269,11.920238874,0.000758350139879,-228.167793872,RAB6A,0.0870597288757,0.00641788914675
2,1.10641079999,11.6792253575,0.000781471417145,-290.589884039,ERBB2,0.0609310963967,0.00655288876395
2,1.64355376636,11.6273470806,0.000803104267725,-326.965575291,CWC15,0.0609951681051,0.00667306637001
2,1.92289121438,11.6502690725,0.000825556671106,-260.562042079,TWISTNB,0.0720708300661,0.00679782700353
2,1.11187201402,11.5392940054,0.000838669971792,-292.58289636,GRB7,0.0602450482308,0.0068441460198
2,2.37660618868,11.5095728911,0.000860286586787,-319.576603587,TJAP1,0.0630628449171,0.00695842425065
2,0.832831432105,11.3325146589,0.000924406404843,-297.090456566,GATAD2B,0.0571389652291,0.00734702133936
2,1.3812262976,11.2869051891,0.000922023237318,-308.240619488,TOP1,0.0494417547943,0.00734702133936
2,1.24079778072,11.3616823858,0.00095646939452,-193.249058227,MRPL46,0.0712949450313,0.00753631919476
2,0.783431074234,11.1298206076,0.00102079125309,-314.808322651,POLR2H,0.0550627343066,0.00796161245788
2,0.560229770431,11.2690458375,0.00102786681623,-104.960965421,DHX9,0.0781113216077,0.00796161245788
2,1.29639622779,11.2543883113,0.00104771635832,-160.642233433,FANCI,0.081403479837,0.00804716597903
2,1.19503149016,11.0604197976,0.00108694582974,-252.1397676,DIEXF,0.0628217279632,0.00821048337506
2,1.58477188223,11.0893264948,0.00107935319569,-249.071427848,PCNP,0.0651970745214,0.00821048337506
2,0.905402302086,10.9398355336,0.00113757151951,-263.865459796,PAK4,0.0575963199237,0.00852246203962
2,1.09001004008,10.8465033796,0.00115332519896,-390.573577197,APOA1BP,0.0469857815511,0.008559319713
2,1.27313533601,10.8332413564,0.00116122061752,-395.966391255,PRDX6,0.0469310281863,0.008559319713
2,0.934039986061,10.7715200935,0.00120112511858,-373.722105134,PRPF3,0.0472908996221,0.00863813300848
2,1.15627709134,10.8335681066,0.00119955526543,-320.394632456,CEP170,0.0567697193639,0.00863813300848
2,1.33758728879,10.890565184,0.0011916552723,-277.606297498,RPS6KB1,0.0637282998757,0.00863813300848
2,0.337253414269,10.7775229629,0.00120971665764,-209.483147462,CYC1,0.0504146685468,0.00863813300848
2,0.874343896481,10.7847993436,0.00126677716604,-201.484679463,SUPT5H,0.065447780296,0.00890131705596
2,1.33607939859,10.6604621859,0.00126926991244,-376.161294094,P4HB,0.0462171196785,0.00890131705596
2,1.41095679832,10.6505207021,0.00127579051896,-405.856047082,PTRH2,0.0461760097905,0.00890131705596
2,1.24615587912,10.6496761336,0.00132944028262,-298.902178668,RRAGC,0.058627553653,0.00906797327103
2,1.74161256965,10.5769398267,0.00132598491035,-400.264575839,PPIF,0.0460714383365,0.00906797327103
2,1.88561172988,10.5935374882,0.0013138309525,-368.935756883,YWHAE,0.0459403051951,0.00906797327103
2,1.54946511288,10.6284308356,0.0013497139165,-246.542674772,SIN3A,0.0598351895898,0.00913806310877
2,1.53365391983,10.6280014041,0.00136259398821,-247.213174117,GOLGB1,0.0626547581539,0.00915743312663
2,0.839924432386,10.5086038929,0.00137269115335,-399.390942902,MTDH,0.0455887707245,0.00915795411795
2,1.70294744783,10.4749110499,0.00139678025101,-383.886411243,PPP2R5D,0.0454492465238,0.00925113876391
2,1.2830307055,10.3389379468,0.00157424983884,-270.261311247,REPIN1,0.060342021905,0.010236611658
2,1.40169301263,10.3496355496,0.0015693006944,-287.484481047,SLC25A19,0.0611140113532,0.010236611658
2,1.10931117438,10.39262018,0.00157917094506,-229.92146847,AIDA,0.0700346160569,0.010236611658
2,1.2772134681,10.255234132,0.00161181767447,-322.814772602,C19orf66,0.0539025072227,0.0103746574258
2,0.999189945981,10.1320762689,0.00168863589289,-345.370133984,DNAJB1,0.047989279734,0.0107930993434
2,0.939614067579,10.0530963616,0.0017428375127,-371.028766838,IRF2BP2,0.0446698869027,0.0110621769904
2,1.13213272064,10.0528836012,0.00182529037596,-202.820075264,LTBP4,0.059465910235,0.0115056234733
2,1.20327230303,10.0165842426,0.00188122089273,-186.194749208,XRCC1,0.0629908150164,0.0116968428296
2,1.1604201943,9.9593719372,0.00187785097549,-306.285511484,TMEM126A,0.0527064195605,0.0116968428296
2,1.01893151375,9.82355104495,0.00200397417526,-280.35364411,TBCD,0.0504228107549,0.0122119959992
2,1.23454230655,9.84113147575,0.00199735177552,-316.765974589,RBM33,0.0523907165509,0.0122119959992
2,0.607113322954,9.78283157016,0.00200415689265,-244.848136153,HNRNPL,0.0433285006753,0.0122119959992
2,0.767275371751,9.80516216536,0.00207159888996,-128.038343179,NDUFA10,0.0580856772363,0.0124568512199
2,1.4411853874,9.72887152573,0.00207106855759,-335.595773463,AK2,0.0446834241943,0.0124568512199
2,1.14195719466,9.66095803705,0.00226858011519,-261.359971405,SDCBP,0.0628719107343,0.0135521714071
-2,-1.94502861173,9.48658902971,0.00237508511146,-336.912789785,CHMP1A,0.0473178234795,0.0140962843628
2,2.00338905821,9.5274029418,0.00241432172558,-266.954154618,ZNF428,0.0600994072003,0.0141454490845
2,0.988144074367,9.52090852322,0.00239908054455,-257.214614257,TRIP13,0.056834150478,0.0141454490845
2,0.890121138282,9.33801684481,0.00258799688549,-275.112187609,SARS2,0.0495811573322,0.0149551182882
2,1.24528636725,9.32442169485,0.00261241025351,-248.322637518,RRP1B,0.0503140471697,0.0149551182882
2,1.10614430291,9.26664649349,0.00261796381412,-339.733303999,RALY,0.0404186419404,0.0149551182882
2,1.09589101087,9.41051675512,0.00260061868,-201.200885379,PICALM,0.0642748687982,0.0149551182882
2,0.588760085574,9.25829648244,0.00272839392542,-174.710147291,CDC73,0.0531297313777,0.0154891431542
2,1.38661261937,9.14084599108,0.00287113404463,-284.040286824,METTL3,0.0491071475603,0.0160013202243
-2,-1.54894436453,9.17294795659,0.00286699951865,-246.503480149,RTF1,0.0545447295064,0.0160013202243
2,1.81495133277,9.15527600356,0.0028475461861,-304.71820044,CAD,0.0489180759371,0.0160013202243
-2,-0.770285342098,9.14271243748,0.0028914527273,-228.668038084,CRELD2,0.0519051416375,0.0160168957136
2,1.16440464135,9.01736597883,0.00303803889311,-338.045589513,LSR,0.0457693966927,0.0167275153512
2,1.36447178903,8.91971924002,0.00320322524001,-327.999943359,EVPL,0.0459969686166,0.0175314243675
2,1.06700638313,9.30775546606,0.00326810235915,-103.540728276,CERS2,0.121976533174,0.017780033073
-2,-1.89072910934,8.81331370508,0.00332162468942,-389.959280306,HNRNPD,0.0385174864275,0.0179642897404
2,1.07269620154,8.84983651861,0.00336597696386,-301.13067646,CLPTM1L,0.0503261003468,0.0180970761469
2,1.20616403351,8.95449631548,0.00341150870478,-162.986414047,TXNDC5,0.074649109375,0.0182346137788
2,0.709962464255,8.71332307619,0.00350952823839,-316.973840726,NUP133,0.0389486104644,0.018649469825
2,1.8722361885,8.65768464506,0.00360563999164,-389.754840404,GNB2,0.0378630819187,0.0189399709906
2,0.802910851367,8.66325726107,0.0035950524418,-352.520819026,RAE1,0.0378865295843,0.0189399709906
2,1.5588726949,8.57606916302,0.00386219555143,-305.423661632,SDF2L1,0.0469725808116,0.0201716956229
2,0.494183037858,8.80424415895,0.00389108193427,-65.7500322805,SERPINH1,0.0928676161817,0.0202070959541
2,1.19870365218,8.52480435559,0.00402605464241,-270.82125221,LSM14A,0.052131567374,0.0207899092834
2,1.41051603769,8.46252769339,0.00414826572533,-281.35137725,NSUN4,0.0508374335693,0.0210639715164
2,1.0742613445,8.41889238756,0.00414040538216,-347.541810602,STX16,0.0413869738879,0.0210639715164
2,1.27837395207,8.45268201498,0.00410624218515,-279.638512017,KPNA6,0.0450923503687,0.0210639715164
2,1.26073978655,8.37867760811,0.00431026111868,-256.06328292,NOP14,0.0483258825347,0.0217656279694
2,0.997734833872,8.34008783819,0.0043563379547,-257.687767318,SRPRB,0.0445184366808,0.0217809760986
2,0.450896831413,8.29815706604,0.00436096129764,-275.267284383,PSMD2,0.0363478933544,0.0217809760986
2,0.910845518377,8.40029306032,0.00440470326464,-166.617016239,EPS15,0.0606956305841,0.021879884695
2,1.29397795502,8.30789608589,0.00464226443997,-230.837197277,NUCKS1,0.0618570934994,0.0229352956656
-2,-1.52799607671,8.16366208188,0.00476878904017,-308.396686978,TMEM87A,0.0427050935987,0.0233381839509
2,0.918771925972,8.60184835901,0.00477488008624,-79.5033030748,SSR3,0.127242798353,0.0233381839509
2,0.970768156223,8.16637298234,0.00490970005016,-208.450248222,SLC25A10,0.054382168392,0.0235957860167
2,1.84209724766,8.13841637195,0.00491035175722,-284.042664814,MPP6,0.0486926737049,0.0235957860167
2,1.48045721251,8.16606984664,0.00490583090354,-236.219630707,PROSC,0.0540205209736,0.0235957860167
2,1.28040889593,8.119443891,0.00493084806257,-237.062644047,RCC2,0.0463651763082,0.0235957860167
2,1.58817039399,8.11051213381,0.00500220149587,-252.239497001,SLC35B2,0.0500307600479,0.0236891822136
2,0.826199613394,8.13828892164,0.00498682021411,-260.179760809,FZD6,0.0545687427453,0.0236891822136
2,1.9048262043,8.08582990485,0.00513491235756,-253.489266165,SNX29,0.0549735478263,0.0241342265032
2,1.72063656806,8.02275677349,0.00514898705484,-324.706831752,AKT1,0.0428972223055,0.0241342265032
2,0.924759498157,7.97026054028,0.00531965712882,-272.367621393,TRIM24,0.0445339941744,0.0248069725293
2,1.04171531488,7.95401255536,0.00540556672546,-256.048629143,DDX49,0.0473582764373,0.0250796344521
2,0.772604618926,7.82503940408,0.00564353248731,-342.552394336,NBN,0.0367674754154,0.0260514580475
2,1.36324245579,7.86423727663,0.00572884852204,-242.65603934,PROCR,0.0511115345308,0.0263123997444
2,0.709729903783,7.81773860579,0.00578040097039,-294.485256104,GRHL2,0.0447193669712,0.0264164324347
2,1.74711523766,7.83025631074,0.00581281720486,-262.850450439,KIAA1524,0.0496118836386,0.0264324125634
2,0.984699701888,7.73964072463,0.00587127307429,-389.075067995,DNM2,0.0339846005729,0.0265660573757
2,1.07659860383,7.73284986741,0.00604949851751,-297.575107887,DDA1,0.0445100041432,0.0272376435714
2,1.38238997895,7.75797054133,0.00619471170634,-197.701492358,SP3,0.0593307659121,0.0277547377431
2,0.558967355939,7.6026417069,0.00649346152025,-229.358049191,TRA2B,0.0445634465612,0.0286716127029
2,1.83194647289,7.61191615977,0.00647440811152,-290.35139227,SNX33,0.0454139319815,0.0286716127029
2,1.29994508993,7.56338302151,0.00645227720094,-374.391109249,CBX3,0.0332363797773,0.0286716127029
2,1.39448838403,7.54163937545,0.00664833575511,-290.625956783,MTA1,0.0406466138859,0.0292143215393
2,0.642786148633,7.55619850707,0.0067466734964,-195.393591126,BRD4,0.0498574032702,0.0295045912713
2,0.822802764189,7.49451223497,0.00694796070353,-275.118875557,IGF2BP2,0.0481979211179,0.0302401718239
2,1.04782527257,7.43149236679,0.00700548025529,-347.517302573,RRP15,0.0374511740961,0.0303460139968
2,1.53242846528,7.45880644492,0.00708024516313,-267.516415683,ETNK1,0.0479793111467,0.0305252079203
2,0.863396097782,7.48288553128,0.00731421906661,-145.364523885,ASF1B,0.0665246583597,0.0313858977788
2,1.42535034957,7.31068212884,0.00739034803652,-367.708193479,SSB,0.0321616303307,0.03156438367
2,0.830794875533,7.29889067844,0.00743990294332,-277.674346725,FLOT2,0.0322533206263,0.0316282385591
2,0.456674840687,7.24732713045,0.00766780782846,-327.989902154,BOP1,0.0330554868116,0.0322966652314
2,0.893391972853,7.2438776469,0.00766617230659,-351.607759272,EIF3G,0.0321601533528,0.0322966652314
2,1.78795761807,7.33442194167,0.00775342249957,-217.068982666,VEZF1,0.057599679881,0.032360605155
2,0.780274428402,7.26005176667,0.00775379926581,-278.575108874,C1orf198,0.0407273065093,0.032360605155
2,0.574986738044,7.23125694941,0.00783020047862,-296.265708087,ATP6V1C1,0.0382138609973,0.0325309238066
2,0.969282341395,7.30762824738,0.00790769874867,-155.231762458,IFI16,0.0597479352032,0.0327042382637
2,0.852133724216,7.16433636942,0.00809388865662,-311.375492704,SPINT2,0.0367092497671,0.0331740548527
2,0.575866561215,7.14854550965,0.00809246330946,-222.84853804,RBM39,0.0329200708799,0.0331740548527
2,0.688592679669,7.08424065446,0.00836374876036,-276.952066439,SF3A3,0.0318988895096,0.0341270819954
2,0.428673839147,7.12024068617,0.00845461779831,-130.872599317,PRPF6,0.0450305454588,0.0343445363007
2,1.20362273054,7.07452200988,0.00865165821933,-282.362574287,C1orf50,0.0441951781024,0.0348353110681
2,0.807103253568,7.04922252732,0.00864499470111,-300.811210081,HLTF,0.0378890190002,0.0348353110681
2,1.49208191322,6.98298282524,0.00893788849687,-320.190112562,MFGE8,0.0365633771236,0.0357324557262
2,1.04612110602,6.98584649712,0.00895266122681,-296.012885727,HNRNPA3,0.0379694777078,0.0357324557262
2,0.849394325849,6.9854704852,0.00899471336325,-237.805116281,ATP5I,0.039920288615,0.0357442087566
2,1.04421202725,6.91995957325,0.00915548178705,-352.463506647,PYCR1,0.0319009812968,0.0361412478937
2,0.701620492509,6.98567951714,0.00917370843692,-172.794245186,FTSJ3,0.0485164881714,0.0361412478937
2,1.00286745381,6.89188281343,0.00926628637732,-327.111426854,ATP6V1A,0.0303751845503,0.0362660094729
2,1.01974213617,6.9163646875,0.00928473327862,-326.88711168,ACTN4,0.0372014841142,0.0362660094729
2,1.21744668984,6.91497804084,0.00933177752973,-261.63398115,RAB1B,0.0390864477243,0.0362946581369
2,0.939941869601,6.8585067599,0.0094383491401,-370.51039828,CTSA,0.0303663867183,0.0365536064155
2,1.24854588005,6.90923259604,0.00949894528819,-262.204799338,RBM45,0.0454826377434,0.0366330632633
2,1.06322104054,6.92189395631,0.00960380987663,-220.621130556,NUF2,0.0532773479937,0.0368818580976
2,0.92073466771,6.77641545109,0.0101110441569,-265.235218593,SMAP2,0.0408768366275,0.0386673404159
2,1.73859621681,6.70763762573,0.0104973874385,-288.471736668,PPP1CC,0.040724508726,0.0399775504948
2,1.07404275766,6.76388812343,0.0107265840723,-159.228053387,PLEKHA2,0.0639527181105,0.0406809039092
2,0.860729736053,6.63847648153,0.0109071606434,-188.44273434,HSPD1,0.0408173799038,0.0411948133393
2,0.720055988133,6.60284614977,0.0110101984736,-288.479172173,RBM34,0.0361596015012,0.0414128452874
2,1.4674592262,6.55256097728,0.011143727079,-366.59904826,ANXA1,0.0289229172648,0.0417433055337
2,0.71826592976,6.54490059272,0.0113513220133,-313.002500865,ZNF687,0.0354650850373,0.0423473808984
2,1.41806679057,6.4988167672,0.0115151510243,-374.564940348,C21orf33,0.0302976811954,0.0427839351064
2,0.512256773727,6.47748578105,0.0120006659922,-216.935733661,PYCRL,0.0439218620168,0.0444073227402
2,0.730822405917,6.38052307869,0.0125352397892,-281.263512476,TSPYL5,0.0392936477708,0.0461984240619
2,0.755211238719,6.20853568519,0.0134519662694,-354.637511784,IARS2,0.0274460716806,0.049180388681
2,0.689370380556,6.21097592414,0.0134513020108,-291.470689225,ZFR,0.0280771598163,0.049180388681
2,1.15945498472,6.22134123793,0.0136441484577,-291.443624596,LAMTOR1,0.0376545862133,0.0495965234298
2,1.06379070575,6.17914220747,0.0136743149938,-363.205998999,RPRD1B,0.027441006067,0.0495965234298
2,1.26899099635,6.16411833168,0.0138811411461,-334.417592455,PARS2,0.0306422357168,0.0501476798715
-2,-1.39108627544,6.13161189965,0.0144128987229,-241.855343928,EHD4,0.0400414507729,0.0518068167922
2,0.823285495071,6.07787925695,0.0144537617965,-340.171012374,EIF4A3,0.0268840068605,0.0518068167922
2,-0.613886661786,5.96079442682,0.0154357916519,-350.507909454,S100A14,0.0269767061721,0.0548980645993
2,1.09103316351,5.97112162921,0.0154363266981,-318.765073503,LAMA3,0.0298599196752,0.0548980645993
2,1.1173900156,5.98700728869,0.0159115494512,-192.482750024,ICAM1,0.0490790570386,0.0563688224745
2,0.642700019185,5.90367003639,0.0162371564686,-174.36792675,U2SURP,0.0362402518929,0.0570798500472
2,0.815194390762,5.88474727198,0.0162326535568,-311.28457443,ERC1,0.030828797775,0.0570798500472
2,0.538425214972,5.90423615788,0.0163182367837,-178.456553448,GADD45GIP1,0.0388681468484,0.0571450897329
2,0.900424260748,5.82005453412,0.0166955077601,-332.997729625,DSC2,0.0267195531953,0.0580500855129
2,1.12383170714,5.84502011904,0.0167036898139,-241.333931935,YLPM1,0.0340133226729,0.0580500855129
2,1.16709720382,5.85732427683,0.0169507152896,-186.221495977,IFT74,0.0447611496658,0.0582931866187
2,0.689497497282,5.79427859539,0.0169311771641,-341.849076533,ATP6V1H,0.0264827701738,0.0582931866187
2,0.340544196732,5.83778798143,0.0169649755367,-128.036372701,RPL35A,0.0397567142742,0.0582931866187
2,0.916148346172,5.81432888969,0.017073409987,-250.712852951,ECSIT,0.0363817745886,0.0584460551617
2,0.861959792068,5.80084977043,0.017192148447,-255.005326909,PDCD5,0.0360747457412,0.0586329241812
2,0.883610561733,5.83303373653,0.0172760149743,-179.970961966,CAP1,0.0474875003824,0.0586999170501
2,1.41260233624,5.84484525848,0.0173796465088,-173.491531292,PPIC,0.0536988705767,0.0588333218853
2,1.45117739163,5.71740143402,0.0177636300289,-330.971477025,REXO2,0.0289170371073,0.0599112835661
2,0.463263270661,5.65043422493,0.0185241222804,-255.45811102,DNAJB11,0.031106087079,0.0622464991334
2,0.856877828055,5.5987336781,0.0188416315252,-374.212630403,GAPDH,0.0248172212087,0.062877650152
2,0.863758835136,5.5991335116,0.01884953626,-345.968437199,EEF1E1,0.0251534380358,0.062877650152
2,0.367091234973,5.61523131559,0.019231416439,-158.573818499,DCAF13,0.0402193318213,0.0639182350008
2,0.759887972838,5.54225367617,0.0194433565073,-394.487332083,HDGF,0.0245730171879,0.0643885066945
2,0.917575619842,5.50993921072,0.0200142532802,-255.438876265,PTK7,0.0301898035502,0.0658022571876
2,1.20065765673,5.49680227771,0.0199462043434,-339.998787282,HSP90B1,0.0244849914205,0.0658022571876
2,0.722442899036,5.47968321981,0.0203786668057,-303.597907197,RFX1,0.0307019999193,0.0667602202882
2,-0.414015463697,5.40919287784,0.0211517574234,-154.769364229,RPL18A,0.0293325554623,0.0673613459408
2,1.08562462962,5.43170036779,0.0209347514372,-265.788758308,ATP2A2,0.0306129082713,0.0673613459408
2,1.5141435089,5.47030604028,0.020929011566,-223.62419722,CTIF,0.04192759415,0.0673613459408
2,0.863937054872,5.48228884589,0.0207921769762,-187.432468305,EED,0.0420155784695,0.0673613459408
2,0.64301737614,5.41621884078,0.0211504846876,-193.027942691,RPL19,0.0314136273095,0.0673613459408
2,0.284885446645,5.68323529991,0.0208870056277,-25.5398678751,NDUFB5,0.100263071962,0.0673613459408
2,1.08722281516,5.42449713841,0.0210117757553,-301.624488792,DCUN1D5,0.0304021993919,0.0673613459408
2,1.02444004481,5.46785208557,0.0207454216247,-260.801992619,CREG1,0.0365821279243,0.0673613459408
2,0.834792088758,5.41762095522,0.021555057415,-147.421344038,PLOD1,0.0418615403006,0.068407369713
2,1.13061881126,5.35793758731,0.0218602686098,-248.146990661,TIMM44,0.0314510592415,0.0691359360184
2,0.594024991365,5.28552917624,0.0224418163099,-389.162227121,MCCC1,0.0234614677452,0.0707304141629
2,1.11120969035,5.30580078167,0.0225416731779,-284.117095814,NOL7,0.0320968820004,0.0708009941052
2,0.647912279794,5.26175780045,0.0230448783774,-206.180571479,UTP18,0.0305451300836,0.072133626154
2,0.428396526594,5.20152595916,0.0237523095523,-204.061578771,HNRNPU,0.0283923724539,0.0738422140505
2,0.841550054704,5.19100272854,0.0237005770462,-340.43827394,DSP,0.0239006342957,0.0738422140505
2,0.360772958659,5.27929190973,0.0239798848659,-37.1266907869,MRPL15,0.0572099308575,0.0740832325974
2,1.31256136929,5.18158863437,0.0239919440359,-320.565214575,PUS7,0.0276821490414,0.0740832325974
2,0.504980526007,5.18265745084,0.0240985073024,-244.949373601,URI1,0.0304534993663,0.0741617362773
2,0.779728609208,5.14512618669,0.024300309291,-340.219471878,PRPF4B,0.0232658357677,0.0745318211139
2,1.12035474308,5.16526017169,0.0245659321427,-251.394978574,PANX1,0.0355819303157,0.0750945216669
2,1.1187521029,5.14769111027,0.0247231518206,-248.133973938,CMAS,0.0336125936535,0.0753232025467
2,1.05707058168,5.09648350175,0.0251001577438,-324.687760843,OPTN,0.0258578104043,0.0762177547436
2,0.713231221279,5.10970582128,0.025271236941,-230.762887699,DDX39A,0.0338145441652,0.076483147563
2,1.03427726711,5.08818256754,0.0253796731445,-298.221492994,OSGEPL1,0.0293964757852,0.0765578259211
2,0.599617772666,5.03650714664,0.0258139501924,-320.454355984,ILF3,0.022380844826,0.0776116791968
2,1.06739713936,4.98545209422,0.0265825327935,-371.736376681,NAA50,0.0224584631434,0.0796604425352
2,1.3329971119,4.97843747224,0.0266739999613,-375.760394906,GLOD4,0.0221285094171,0.0796733201458
2,0.807173643295,4.95948105369,0.0269612112877,-366.710636117,TPI1,0.0220461081723,0.0802688831172
2,0.824690215069,4.94615959013,0.0272451280482,-318.974326331,CHMP4B,0.0236719334772,0.0808508020651
2,0.466113647525,4.9445785349,0.0274235854755,-237.383467491,GMPS,0.0268808060247,0.0809922363066
2,1.11727088803,4.92518059066,0.0275130364138,-365.553332072,PDHX,0.022394800711,0.0809922363066
2,0.411876610735,4.99925559147,0.0275586274522,-60.0828926077,STAT1,0.0471631198123,0.0809922363066
2,0.722136876867,4.9131387745,0.027691303229,-311.150398456,ADD1,0.0221399183556,0.0811213177926
-2,-0.530035529911,4.89579281568,0.0280097341786,-163.34317385,ATP5A1,0.0229961933532,0.0817920033204
2,1.09483464148,4.93296625956,0.0283791944167,-192.738434105,MXRA7,0.042550159965,0.0826069544487
2,1.09828643624,4.84077472206,0.0290747490925,-314.164372587,BSDC1,0.0263313442264,0.0843629227637
2,0.833450699754,4.80302867794,0.0295882331243,-354.662047679,KRI1,0.0239191047543,0.0850829366239
2,1.30258085371,4.82650043828,0.0296021595694,-261.162216828,TMEM63B,0.0320003475799,0.0850829366239
2,0.490806637555,4.87814112853,0.029553577813,-89.3215163241,PRRC2C,0.0478821175425,0.0850829366239
2,1.3310087646,4.77760924731,0.030285445112,-276.329549016,TCP11L1,0.0289942867185,0.0867739712614
2,0.925133993776,4.78264851561,0.030565289031,-221.729906571,JUNB,0.0360186256945,0.0870301376147
2,0.973503799737,4.74016613081,0.0305398709067,-382.253341184,GNL1,0.0212811466075,0.0870301376147
2,0.870609940624,4.7456060282,0.0307920376274,-214.639050952,ELAVL1,0.0279571656625,0.0872318994637
2,0.695820612108,4.72456780052,0.0308270279286,-281.27467402,NUP107,0.0215022282115,0.0872318994637
2,0.903681236319,4.6994486581,0.03124552478,-380.274996494,TM9SF4,0.0209143755633,0.0881432396571
2,0.777397403285,4.68817099201,0.0316513265234,-328.781315999,WNK1,0.0247151467985,0.0888003670302
2,0.828258374978,4.68937884441,0.0316727786125,-240.970175176,RPL24,0.0255288513354,0.0888003670302
2,1.23751462925,4.67599569355,0.0325067084279,-206.299247334,S100P,0.0363393006469,0.0908597293674
2,1.17792892195,4.62157738063,0.0329220517803,-317.675527046,MTM1,0.0253068528205,0.0917401077048
-2,-1.40929177337,4.58798424885,0.0334060681071,-361.078483773,TUBB3,0.0224254824432,0.0928059156531
2,0.490487532291,4.59173753448,0.0336773173637,-205.048205451,WIZ,0.0285926138229,0.0930922916303
2,1.26478774873,4.59922821449,0.0337128539711,-249.650190052,M6PR,0.0318067272646,0.0930922916303
2,0.783069657472,4.61752482269,0.0338804067906,-147.441835258,NCOA5,0.0410018319081,0.0932731680922
2,1.0981682565,4.53990238673,0.0342876351455,-358.543273463,PRMT5,0.0213602355875,0.093890371729
2,0.890231229597,4.61707349456,0.0343100483124,-129.218665392,C17orf62,0.0482871241068,0.093890371729
2,0.676805955595,4.57923227625,0.034612927573,-131.857769904,OSCP1,0.0406756395799,0.0944364650798
2,0.971662566704,4.37555263161,0.0376052338637,-370.522573345,RPL23,0.0195010221938,0.102291079743
2,0.646982121695,4.45944860393,0.0377156388112,-84.8717072213,UBE2C,0.0509887573626,0.102291079743
2,0.633111465914,4.35506451448,0.0383000222083,-254.116961858,SSR1,0.0234957945492,0.103568699108
2,0.511242128376,4.32597658255,0.0389359836955,-317.017811333,RRM2B,0.0232172489413,0.104977843946
-2,-1.14629541546,4.30005589658,0.0393080427192,-348.735782113,COPS4,0.0196979147757,0.10566926778
2,1.10508963797,4.29597770752,0.0396684089807,-278.728068485,TOMM40,0.0239602570144,0.106325295626
2,0.527718404155,4.2613582792,0.0403401945712,-299.930674314,TRMT1,0.0218238688738,0.10780975976
-2,-1.0656501039,4.23102516577,0.0408710043924,-344.123406967,KHSRP,0.0188690443824,0.108909906748
2,0.610808319502,4.21242144621,0.0413235608663,-292.691062659,MRE11A,0.0189567325661,0.109636946006
2,0.676279433792,4.24672464526,0.0413837487658,-216.156124371,LRCH3,0.0326052317771,0.109636946006
2,1.2464070045,4.20066765146,0.0420305891245,-292.183437999,MED17,0.025427667522,0.111028781676
2,0.770376206556,4.20586708466,0.0422045659958,-190.364029044,BRIX1,0.0299977966123,0.111167070087
2,0.669230207979,4.19789261547,0.0423287943816,-235.421326513,RAP2B,0.0289115257794,0.111173902485
2,0.500115741106,4.1713030139,0.0425409422279,-200.938950456,NUP155,0.022167583192,0.111410948987
2,-1.82543374356e-15,4.22974321507,0.0440055803551,inf,LRRC15,0.0648437814805,0.114917429841
2,1.12566156896,4.13113274624,0.0442196538834,-203.801077927,ZNF24,0.0319917641733,0.115147474785
-2,-0.911802012686,4.09229168949,0.0445670332623,-295.684496889,FCHO2,0.0223509774864,0.115722353414
2,-0.643850768726,4.05938754872,0.0455602386128,-176.209122188,ATP1A1,0.0241544825787,0.117966170233
2,0.521427531967,3.97750242422,0.0480965889319,-176.181097602,PPAN,0.0282137387585,0.124181588372
2,0.256451659772,3.95677242099,0.0482412483651,-217.045337093,NDUFB9,0.022110213363,0.124204228185
2,0.927634084854,3.96415189576,0.0485918739733,-187.689388745,CKS1B,0.0298136891729,0.124755541606
2,0.934894079361,3.94061821062,0.0487610653684,-294.34577039,NECAP1,0.022918483437,0.124839254193
2,0.545937175501,3.87731001199,0.0503102585499,-348.457195153,PDP1,0.0188331099321,0.128314717097
2,0.494973643934,3.87801914113,0.0503993254244,-209.20854754,HCFC1,0.0203167402856,0.128314717097
2,0.301251131362,3.83828717949,0.0513579050712,-197.798275141,FBL,0.0171475900207,0.130392014542
2,0.99066019757,3.8182774594,0.0520767356694,-369.399337689,CSNK2B,0.0185516928163,0.131850793357
2,0.747118684357,3.82526773756,0.0525814177091,-226.932038647,BASP1,0.0279573195859,0.132760817089
2,1.3090835831,3.78481248217,0.0533988266683,-305.301552223,ASCC1,0.022161294246,0.134083866964
2,0.575505629779,3.81753572855,0.0533537849129,-128.36058011,SEC61A1,0.0347625331713,0.134083866964
2,0.88124155275,3.76131823772,0.0541885669905,-268.748569803,WBP11,0.0226911699165,0.135694110217
2,0.483936042125,3.7480981732,0.0544697840101,-204.565558825,RPN1,0.0208519489847,0.136025635479
2,0.421495815181,3.7444355589,0.0548777640706,-191.756624257,LAMA5,0.0245143827675,0.136591701027
2,0.865611797523,3.74943539036,0.0549953457088,-220.372274427,DDHD2,0.0280332801362,0.136591701027
2,0.675029249858,3.69651673857,0.0558174990098,-351.289976542,PSMD3,0.0165246951203,0.137884308365
2,0.471108475627,3.71011549332,0.0557922911912,-303.300696713,MAF1,0.0218614870571,0.137884308365
2,1.07475949757,3.68718927067,0.057091926303,-217.933333354,FOXP4,0.0284314070758,0.140652346741
2,0.823007972663,3.67016538219,0.0579441901354,-163.47909116,ARHGAP4,0.031729576681,0.142368252107
2,-0.501719458858,3.65337114068,0.0587627341569,-105.019748218,HIST1H1D,0.0345788411788,0.143992329811
2,1.15056388979,3.58065771494,0.0597691452384,-379.669165728,ERGIC1,0.0160150602988,0.145752489212
2,0.824825033534,3.62477835031,0.0597999818977,-160.28671765,SLC20A2,0.0349798417716,0.145752489212
2,0.366600184521,3.57431891161,0.0604432298003,-168.358334786,NOP2,0.0213297534779,0.146928489461
2,0.956494500257,3.54522879419,0.0615320405311,-261.217751296,COX17,0.0216773599592,0.149178474922
2,0.440559153813,3.53773239922,0.061839140497,-277.95996793,CHRAC1,0.022036765727,0.149526387339
2,0.80034682523,3.50133725428,0.0626589123915,-391.48962274,ABCF1,0.0158072962343,0.150399420574
2,-0.185240076296,3.57305411062,0.0626938503707,4.73998649681,FILIP1L,0.0466620295105,0.150399420574
2,0.731425985795,3.51475349909,0.0625707899163,-228.073547305,TRMT6,0.0206126063989,0.150399420574
2,0.591836583432,3.4936614503,0.0629831569231,-297.80418027,DSG2,0.0162123629381,0.150697919968
2,0.453857736825,3.4455367901,0.0647784370047,-344.201753337,MTX1,0.0156298777479,0.15458875045
2,0.739590677873,3.43604715306,0.0659233082733,-246.368265359,BRAF,0.0242939987523,0.156911207713
-2,-1.10136598183,3.40943114945,0.0661680161105,-375.406670667,NARS,0.0152609096756,0.157084588896
2,0.490091890948,3.39943350087,0.0665637077321,-259.155368094,CCT2,0.0152168402919,0.157207309734
2,0.6423982413,3.43488061835,0.066396376787,-187.970548213,ACTA1,0.0290022719694,0.157207309734
-2,-0.974232595563,3.4267734838,0.0671283956635,-156.181978464,REEP4,0.033455837446,0.157997393794
2,4.7283083881e-15,3.46768150332,0.0672439673806,inf,PRELP,0.0521709411987,0.157997393794
2,0.571336077768,3.3769436118,0.0674631591047,-340.350296224,PSMC4,0.0151176910079,0.158105967748
2,0.457623645907,3.35485791028,0.068430402799,-276.930152861,SNRPA1,0.0157983572558,0.159962629561
2,0.707130558874,3.37410671237,0.0689282831413,-148.251471942,TTC26,0.0297608229094,0.160306490563
2,0.687135069791,3.34243280867,0.0688689103383,-389.5845943,FKBP4,0.0149655073003,0.160306490563
-2,-0.658170739231,3.32657216913,0.0702137339275,-187.672989064,MRPS27,0.0222771615313,0.162881606116
2,1.18606223789,3.32361814254,0.0705889922983,-233.221311297,MALSU1,0.0249289524905,0.163337566989
2,0.701496304589,3.31410599328,0.0709877872035,-207.183676444,TACC1,0.0248593797977,0.163845549253
2,0.553546780729,3.32049876014,0.0717796282761,-104.585769727,KPNA2,0.0359670799522,0.164504153999
2,0.853596654028,3.27841956054,0.0716823194171,-364.792143684,RBBP4,0.0159706001613,0.164504153999
2,0.826846792322,3.29146513738,0.0718130825442,-249.756434954,RSRC1,0.02329556944,0.164504153999
2,1.1209571911,3.22073336998,0.0740838492794,-405.365844839,ECHS1,0.014428468724,0.169281595603
2,0.62261787096,3.22763320847,0.0744586477133,-231.390359503,RNASEH2A,0.0214849501356,0.169713725711
2,0.907944829964,3.19998689096,0.0752929227285,-282.379957273,GTF3C2,0.017185752504,0.171188386502
2,0.6782859284,3.15864466124,0.077761100462,-208.831661534,GPATCH1,0.0226981562585,0.176361404026
2,0.478318294835,3.13529639273,0.0784066045811,-268.561432356,NACC1,0.0181089382584,0.177012733907
2,-0.480443627305,3.16714745711,0.0784356206045,-82.3547290373,C1QTNF3,0.0332798401732,0.177012733907
2,0.419949940314,3.16125536293,0.0788991121153,-126.448305964,ENPP2,0.0350622376563,0.177620168654
2,0.610505613829,3.09034639221,0.0805472490068,-287.905207554,WDR26,0.017751394355,0.180884976885
2,0.43717254349,3.06629083133,0.0816542295798,-187.682368467,RBM12,0.0169346310528,0.182921484892
2,0.672000861939,3.07255168697,0.0818944476038,-169.73821403,MRPS30,0.0222531679862,0.183011063838
2,0.505387786982,3.05057200249,0.0831075357977,-182.115317026,POLD3,0.0232778228731,0.185268994437
2,0.725919723325,3.02067593908,0.0842343826249,-273.769597227,GINS4,0.019485632615,0.187114949292
2,0.724654553818,3.02351608173,0.0843450318471,-181.174895009,USP18,0.0219058039352,0.187114949292
2,0.505162667531,2.95362185833,0.0870985180003,-217.304655921,RPL6,0.0133073830181,0.192755557996
2,0.541806074814,2.93566211557,0.0883744026718,-289.977901823,ECH1,0.0161357156779,0.194444755589
2,0.915087752389,2.94415199992,0.0885000200491,-235.200996937,ACP5,0.0214989246121,0.194444755589
2,0.738008090578,2.92965954374,0.0883751201124,-405.255034376,CLTC,0.0131416319827,0.194444755589
2,0.427191970635,2.93110212185,0.0900190248745,-80.8060554537,MRPL11,0.0287557189202,0.197307886655
2,0.556836472604,2.8926801664,0.0907489478322,-233.792599257,OSGEP,0.0161699191029,0.198431909853
2,0.761098534278,2.87441307587,0.0914125268528,-375.494483775,HM13,0.0128970079436,0.199405846166
2,0.405015806728,2.89183965256,0.092076319523,-111.82063005,ICT1,0.0275697295627,0.200375609629
2,-3.58630423339e-15,2.94148155872,0.0925237068463,inf,CTSS,0.0555609981459,0.200870945505
2,0.945140034554,2.83702696706,0.0945139763111,-234.856415724,FGFR1OP2,0.0213572001108,0.204705626418
2,0.677549246464,2.82699741322,0.0959763609643,-132.268702018,C19orf43,0.0288979268298,0.207381545913
2,0.574066771973,2.70413637757,0.101947144122,-267.910642245,CCDC90B,0.0157488132471,0.219763419169
2,1.01884690272,2.69387568134,0.102520293147,-323.106487958,CKAP4,0.0150753665791,0.220478936321
2,1.05968511858,2.68504625124,0.10280601021,-390.529146656,ARL6IP1,0.0127443608316,0.220574397493
2,0.879181807259,2.69506455906,0.103800806624,-168.313259508,PDSS2,0.0262433698311,0.222187206685
2,0.961549414826,2.65466303343,0.105005200876,-303.487618194,CDK11B,0.0146137896441,0.224240078505
2,0.441010126478,2.64207895915,0.105866824708,-298.915247404,ANXA9,0.0148730468289,0.225553095065
2,0.575310885979,2.62414181991,0.107194402028,-237.467645583,NFS1,0.0159402004524,0.227850426637
2,0.567489224951,2.6387029378,0.107468386356,-147.098721184,NFATC2,0.0259615959426,0.227902796124
2,0.898176175241,2.61136542892,0.107922517115,-298.25281259,AASDHPPT,0.0148701390855,0.228336066303
2,3.23193852633e-15,2.66116548325,0.10980530219,inf,ABI3,0.0558350903984,0.230188179361
2,0.655068359873,2.58471650946,0.10961429987,-339.95090122,SLC27A1,0.0138527772146,0.230188179361
2,0.768018817496,2.58849034543,0.109639178778,-269.959169245,CHD2,0.0161187787485,0.230188179361
-2,-0.789412406647,2.59314701642,0.109160588213,-308.382461566,GTF2E2,0.0148525131755,0.230188179361
2,0.353244720585,2.56223385485,0.11152019877,-140.820115026,IDH3B,0.0165773604001,0.233248196054
2,1.06455716236,2.5470106455,0.112824295267,-247.434624606,DFNA5,0.0183837286249,0.235436999713
2,0.560708346252,2.53269115532,0.113284264539,-307.782976385,MRPL48,0.0140289890939,0.235858354872
-2,-0.920761080694,2.52818101466,0.113633974776,-308.969177304,RNASEH2B,0.0142410123295,0.236048756694
-2,-0.825848847088,2.52780663901,0.11416063236,-226.638089547,NSA2,0.0181168664505,0.23606972393
-2,-0.608844896018,2.5212262973,0.114138695012,-277.499938119,LSM7,0.0142828505681,0.23606972393
2,0.396186609607,2.53038594385,0.114708177509,-84.7913336433,MRPS22,0.0237527154476,0.236666533281
2,0.740284894055,2.49883812982,0.115666642103,-327.18754925,TUBB,0.0135439233935,0.238106556041
2,0.50675016597,2.48960404006,0.116037331526,-237.97146865,PDHB,0.0111897544643,0.238332856214
2,0.679104254171,2.44998891487,0.11896294973,-406.636147201,ATP1B3,0.0110136616631,0.243794027025
2,0.442473840318,2.43270738242,0.120271410607,-349.575304363,F11R,0.0109862152307,0.245924092383
2,0.802014283284,2.44103508707,0.121669323393,-161.445698066,RNF170,0.0261238018692,0.248227146387
2,0.601508892084,2.38959761949,0.123582313,-374.115633966,SERPINB1,0.0107450961964,0.25100940907
2,0.430376965401,2.39169155949,0.12346603217,-324.777396993,RAB3GAP2,0.0111039174361,0.25100940907
2,0.333052502323,2.41916107234,0.123907496589,-75.9712747784,LUC7L3,0.0300818988918,0.251111866702
2,0.464761439664,2.34766246903,0.127297646707,-272.755649459,TIMM50,0.0133886157133,0.257411613032
2,0.41724981028,2.32017011604,0.129148729051,-285.735910686,FLOT1,0.0104833197753,0.26057823036
2,0.468436454041,2.34665222944,0.129874823023,-90.2923149445,SRSF2,0.0311447444579,0.261466053399
2,0.490393931844,2.31837127521,0.131246998526,-125.796017509,LYN,0.0243223970804,0.262493997051
2,0.231277423741,2.3002510641,0.130788652255,-232.395813052,CCT3,0.0103474964742,0.262493997051
2,0.518094679487,2.3006490104,0.131145108334,-197.61413455,SF3B2,0.0131240187836,0.262493997051
2,0.840191871951,2.27495752578,0.133391100237,-270.093925667,MAP2K7,0.0136001082256,0.266199706587
2,0.442931094438,2.24346569979,0.135941290635,-316.124326342,S100A1,0.0123781880419,0.270697907714
2,1.07103719833e-15,2.32501770021,0.136557716499,inf,APOD,0.0640059619349,0.271334245391
2,0.910222110847,2.21035390272,0.138552212949,-372.53026592,OGDH,0.0101760982523,0.271619459279
2,0.717392571398,2.2302009052,0.137030632587,-293.294115009,MICU1,0.0118482628955,0.271619459279
2,0.402375840086,2.22316391877,0.137764843248,-172.819108777,RPL23A,0.0126156168652,0.271619459279
2,0.512783463873,2.23079960152,0.138781496152,-110.494438918,EZH2,0.0241871436783,0.271619459279
2,0.625985418968,2.21610073242,0.138622568581,-259.638891972,DNTTIP1,0.0141861224421,0.271619459279
2,0.71865433082,2.22048702338,0.137959926698,-316.274300612,RBCK1,0.0123209467472,0.271619459279
2,0.545831702226,2.22292925792,0.137687194786,-314.168535386,ZC3HC1,0.0119369256341,0.271619459279
2,-0.634981883921,2.20687195179,0.139249078146,-232.735311189,MRC1,0.0128152374338,0.271952259457
2,0.728205027089,2.191741668,0.142283790686,-141.967432845,BCAP31,0.0240344314947,0.277286534514
2,0.795604211642,2.17049802592,0.144604545676,-135.164474218,USP36,0.0264145657877,0.280612642776
2,-0.588141505951,2.14894383241,0.144338562659,-276.365953386,NDUFA5,0.0113013713834,0.280612642776
2,0.818186604856,2.14677631956,0.145064807122,-234.395220634,CUL7,0.0147903823564,0.280909393452
2,0.612087868606,2.14852412748,0.145389385112,-167.457471612,NCAPD3,0.0180323184296,0.280942701887
2,0.532360484263,2.12742777959,0.148326009963,-110.890867174,CD40,0.0241403593999,0.285410469697
-2,-0.703132578565,2.11817271092,0.148087135083,-195.92197452,PALM,0.0167951427252,0.285410469697
2,0.791345552207,2.10917807111,0.148884062125,-225.62300612,RFX3,0.0163363914372,0.285713970602
-2,-0.624500731121,2.09755200254,0.149108932141,-358.669347696,BSG,0.0104305198231,0.285713970602
2,0.397760623924,2.10949688001,0.149826827938,-112.283736452,MRPS21,0.0226560871952,0.286463113746
2,0.468184057534,2.08884385211,0.150126730289,-263.134563481,MRPS26,0.0115349118569,0.286463113746
-2,-0.636814990216,2.07044292658,0.151806091225,-334.345633662,MAK16,0.0106685123987,0.289064098708
-2,-0.7342105341,2.04376785488,0.154249181899,-342.187592371,SEC31A,0.0092043468485,0.29284351091
2,0.252739350652,2.04578662837,0.154431698314,-233.637393622,EIF4G1,0.0116871515035,0.29284351091
2,0.78775651854,2.03755416328,0.155301340369,-275.052796604,EMILIN2,0.0119129051701,0.293882867697
-2,0.666595279461,2.02364200873,0.156607626333,-291.155786049,VPS39,0.0111788824171,0.295132722616
2,0.386624856981,2.04168736973,0.156426352829,-133.27871785,ADRM1,0.0217104501932,0.295132722616
2,0.697588627435,2.03584865461,0.157248993053,-129.125263292,RBM4B,0.0231252232554,0.295731645371
2,0.600057337778,2.01668767533,0.158512745347,-187.023168861,CNIH4,0.0186701492032,0.297496199686
2,0.583815181229,1.975903814,0.161464348902,-340.40426626,TCIRG1,0.0103463514221,0.301796349481
2,0.51423504345,1.97867249369,0.161264102108,-276.924717239,NUDT5,0.0109331805037,0.301796349481
2,0.784423074937,1.96584216986,0.162299262704,-380.913533137,PSMD14,0.00885650760787,0.302737808391
2,0.737693788273,1.96185693861,0.163263403542,-251.234228479,KIF3B,0.0121883344037,0.303915989486
2,0.252191288427,1.9537091925,0.164832245437,-123.469976759,S100A10,0.0164241132602,0.306212748637
2,0.363827419452,1.94094370067,0.166141472244,-123.393447789,MRPL3,0.0159170795449,0.30801887552
2,0.191518354125,1.93967266601,0.16852364534,-26.0459999594,SYNM,0.0294158673768,0.311802857978
2,-0.489370884448,1.89400476781,0.170470155028,-227.775060444,RPS15A,0.0104702462099,0.314132503418
2,0.31353045571,1.90407051439,0.170277279513,-122.195065536,ALDH1A3,0.0161493195789,0.314132503418
2,0.617287034278,1.88151885678,0.171917651335,-307.450842564,CNBP,0.0106371704005,0.315981974292
2,0.278607772824,1.87795230999,0.172510946578,-179.906063135,NDUFS5,0.011746161887,0.315981974292
2,0.60465678925,1.87792982422,0.17221244789,-315.565222494,ERGIC2,0.00994255827545,0.315981974292
2,0.71993422261,1.87049929996,0.173300633252,-272.002807976,SEC11A,0.0113452637549,0.316161235115
2,0.549323468895,1.87400233636,0.173257678533,-200.953004603,UTP11L,0.0134942631798,0.316161235115
-2,-0.59978472076,1.85959044653,0.174860741297,-242.147427095,POLR3D,0.0131086692178,0.318371947301
-2,-0.544046447807,1.84320469107,0.176238501309,-239.968585983,SRP14,0.00991806342414,0.320242525241
2,0.494615050767,1.8414843977,0.178901986114,-108.82704872,DNAJC5,0.0242807008898,0.324437331961
2,0.548007423466,1.81071447919,0.180124536798,-296.465606987,NAA38,0.0100144202427,0.326007577491
-2,-0.581188290301,1.81002596509,0.18072770726,-234.396078283,DPYSL2,0.0130395909986,0.32645281509
2,0.503953604269,1.79138570055,0.182513762056,-305.487799252,RBBP5,0.0102487070136,0.326856689518
2,0.644536104938,1.794131263,0.181837805118,-355.746356459,SNRNP40,0.00827573722843,0.326856689518
2,-0.405260988135,1.79574031297,0.182739352673,-168.13040166,PARP12,0.0146237997214,0.326856689518
-2,-0.698396593949,1.79475272167,0.182534327938,-249.698192472,GAMT,0.0127472983686,0.326856689518
2,0.386701824129,1.798279887,0.181309759416,-335.830360021,COX6B1,0.00814444699444,0.326856689518
2,0.171607574455,1.78016342651,0.184001738335,-109.547241939,HEATR1,0.010869224876,0.328471853199
2,0.296839360444,1.75575301615,0.18702101419,-177.287902003,NOL11,0.0107217791364,0.333210929766
2,0.344477264314,1.73601210955,0.18902162644,-292.832278061,PCCB,0.00786465286275,0.336120168416
2,0.47630219282,1.73177397795,0.190020980918,-211.496397165,RFC5,0.0104492574742,0.336979264484
2,0.418273085048,1.73752108914,0.190242123057,-188.36119324,SDC2,0.015833427545,0.336979264484
2,-0.510726620682,1.70327674374,0.193229585797,-300.187101923,RPS18,0.00771749639999,0.340949500808
2,0.280997489487,1.7101761769,0.193105880927,-211.601678933,FNDC3B,0.0120681254024,0.340949500808
2,-0.676695390981,1.69179528566,0.195683216247,-213.563383583,DPH2,0.0129449234511,0.344613602409
-2,-0.625368610579,1.66959917789,0.197667854225,-329.012156088,AP3B1,0.00753192672376,0.345641264723
2,0.478216932885,1.67586605952,0.196896302422,-374.265194026,PYCR2,0.00791713335451,0.345641264723
2,0.553215945031,1.68849657283,0.197779410777,-118.32783034,GOLGA7,0.0220175990962,0.345641264723
2,0.319696018393,1.6773071484,0.197460888498,-142.168506176,HNRNPC,0.012095036909,0.345641264723
2,0.262665825438,1.66890912734,0.199443025908,-75.2549129298,RBM14,0.0167445308868,0.347220810819
2,0.300684406103,1.66264137529,0.199192927927,-223.817308177,SNAPIN,0.0107501162563,0.347220810819
2,-0.34695778748,1.65219480002,0.200695661644,-226.115345685,POLR3C,0.0111897747423,0.348737328408
2,0.146313097822,1.65069778271,0.202666373283,-7.24584773737,SMC4,0.0207242099399,0.350997039507
2,0.520331162766,1.64068895984,0.202764154113,-180.230252242,BAG4,0.0138290579246,0.350997039507
2,0.308167578649,1.63356994748,0.204816143348,-70.8304852605,TPR,0.0195324670286,0.353878931985
2,-0.497369011974,1.61230035614,0.206565770441,-185.033835791,PLSCR1,0.0129385329661,0.356228517326
2,-3.58082509513e-15,1.63947793214,0.206957904765,inf,FCGR1A,0.0351521501703,0.356232627035
2,0.28787417349,1.5986381463,0.207434174744,-263.493772067,COPB2,0.00721411539203,0.356381270143
2,0.706951197098,1.59144133323,0.208468518057,-358.266214385,UBR4,0.00724728306152,0.35748635179
2,0.588981249326,1.58262503211,0.210673059266,-198.189726924,RBM10,0.012213250285,0.360590217545
2,0.645030583897,1.57896494353,0.211330305745,-221.955794001,PLTP,0.0128812063657,0.361039064394
2,0.497703636293,1.5683371999,0.212424005877,-264.001053275,FAM32A,0.0104857567401,0.362230487634
2,0.153764649856,1.55970983043,0.213041019658,-271.453006889,RPL8,0.00707159903153,0.362606130294
2,0.405525095498,1.55456470666,0.216056238239,-100.635337049,CRP,0.0188307540859,0.367054650094
2,0.325686704005,1.52337267816,0.218432610521,-256.345493611,RPS8,0.00690798739226,0.37040335068
2,0.263263530596,1.4846924454,0.224730038334,-230.143027835,SDHA,0.00865787158157,0.380376398217
2,0.733296656153,1.47932682002,0.225606515896,-299.820837093,THTPA,0.00883289208351,0.381154076764
2,0.601898198739,1.45563612502,0.228927419124,-384.604111001,EIF3M,0.00660285284881,0.385910068253
2,0.421905461398,1.45209692458,0.229492305115,-384.87150377,BPNT1,0.00658690456947,0.385910068253
2,0.268719714214,1.45191795219,0.229688268195,-256.819095252,LAMC2,0.00742851729164,0.385910068253
2,0.442863547527,1.44331302541,0.231182330182,-324.510643456,DHPS,0.00795462230791,0.386683463403
2,0.322939564631,1.44011197214,0.231417783896,-299.212983122,CAPNS1,0.00653289439594,0.386683463403
2,0.319754789187,1.44487989327,0.230975331019,-171.279243197,HNRNPM,0.00818884568454,0.386683463403
2,0.235913202839,1.43778806204,0.232227250173,-170.769734391,CHD4,0.00869080806071,0.387327931858
-2,0.466127955617,1.43142765104,0.233814185975,-168.81376221,POLR2E,0.011412033474,0.388821391941
2,0.459545188407,1.42435395003,0.233973485304,-278.247115864,PSMC2,0.00643268874731,0.388821391941
2,0.348669009976,1.41601640394,0.235342752181,-217.601417489,ETFA,0.00639527540483,0.389679846909
2,0.629486440944,1.42250653943,0.235250362939,-232.892817054,RAB3IP,0.0112520039222,0.389679846909
2,0.561736070202,1.39704311009,0.239445138239,-221.353103768,WHSC1L1,0.0109660560087,0.39575561727
2,0.484586641721,1.37653000006,0.242324750889,-306.607614004,TMEM209,0.00798559989613,0.398191920464
2,0.481579440147,1.37822612017,0.241989665635,-273.930299544,SEL1L,0.00776998479641,0.398191920464
2,0.624412688865,1.37992337052,0.241419662967,-340.273094966,DNAJC2,0.00640692664815,0.398191920464
2,0.675406438164,1.37243117161,0.242661815863,-367.856230282,FAF2,0.00619964809686,0.398191920464
2,0.680621879418,1.37124368392,0.243237078511,-285.59769307,DDX52,0.00800159731847,0.398420590966
2,0.501874560084,1.36656318394,0.244059266454,-258.297610429,HSPE1,0.00806867163297,0.399052181643
2,-0.445506910636,1.34465975823,0.24800860889,-264.395475915,CD34,0.00865597671859,0.401914660505
-2,-0.442068015475,1.34822389832,0.247061032292,-298.721959436,TIMM13,0.00712034087547,0.401914660505
2,0.346566129327,1.35498278911,0.246269424736,-205.635528445,RNF213,0.00901189148492,0.401914660505
2,0.529020663013,1.34422668627,0.247546763128,-315.929381816,TARDBP,0.0060730144463,0.401914660505
2,0.529924700526,1.34505090929,0.247810585058,-265.673421961,INADL,0.00803759000929,0.401914660505
2,0.363943037694,1.34013128029,0.2486252155,-288.915675186,AKAP8L,0.00777608366858,0.402200791092
2,0.638623761514,1.3315876125,0.249964836017,-311.443953965,G3BP2,0.00692339531446,0.403653463109
-2,-0.687367578924,1.32630975951,0.251513428648,-228.675139644,MCCC2,0.00980082706661,0.405437872636
2,0.73037531281,1.31425732632,0.253780672158,-225.136836382,ZNF787,0.0102424886658,0.408016969296
2,0.712762562405,1.30890840786,0.254182075318,-301.036547973,ALDH1A1,0.00755245890061,0.408016969296
2,0.498250522704,1.30593156857,0.254452595732,-321.847881012,HSD17B8,0.00626929612006,0.408016969296
2,0.423280485422,1.30413166859,0.254976750325,-315.213685902,MIEN1,0.00719306094452,0.408141418208
2,0.455694516744,1.29667051208,0.256066377845,-401.654759542,ACOT13,0.00588601956201,0.408842623016
-2,-0.347796865014,1.29613841662,0.256309434341,-284.966372874,NDUFS7,0.00656950727481,0.408842623016
2,0.226227196873,1.28032847353,0.260113053212,-70.7184457255,DTX3L,0.0106445375547,0.414186987171
-2,0.468313091495,1.26292446381,0.262323012567,-315.519861599,PSMB1,0.00570779974488,0.416255613691
2,0.474305475523,1.27236317116,0.261894691534,-150.890137088,SIGLEC1,0.0119726628184,0.416255613691
2,0.393264072594,1.25743215878,0.263360187537,-341.911488302,SRP68,0.00568311828673,0.41717464751
2,0.67784513452,1.26322659495,0.263815039672,-175.000577651,SLC35A2,0.0128555375059,0.41717464751
2,0.140417679418,1.24180438763,0.266754021911,-107.589973017,NDUFV1,0.00751507399855,0.421093568267
2,0.518416513649,1.23896536606,0.268421342724,-140.919165654,TTC30A,0.012611750963,0.4229950125
2,0.470711349928,1.23082340976,0.268943412536,-279.597515751,ATP9A,0.00777865768018,0.423088259996
2,0.120439417387,1.22159271867,0.271782220655,-48.5300640703,ECM1,0.0124371096503,0.426819501166
2,0.360975887133,1.21167432171,0.272495504861,-293.175394802,WDR91,0.00679907377742,0.4272056457
2,0.50135382877,1.19148379611,0.276224430139,-391.745133234,RPS24,0.00538666216106,0.43231015265
2,0.543107045835,1.18269843848,0.278013771191,-367.200701372,ZC3H15,0.00542067930656,0.43436681516
2,0.428468605465,1.17797531593,0.278961847378,-302.123369497,SUCLG2,0.00535010513307,0.435104314852
2,0.275315286069,1.1729023685,0.280405140139,-191.943551988,WDR75,0.00714431158599,0.435867853889
2,0.644004387046,1.17157376036,0.280374911454,-375.585261498,SRPK1,0.00579494801654,0.435867853889
2,-0.550327992462,1.1702567443,0.280908101825,-272.924716144,CIB1,0.00695876171538,0.43590832779
2,-0.278664710909,1.16971976973,0.282554016809,-78.3257566262,CPXM1,0.0137339863614,0.437719273498
2,-0.678130114903,1.12908561036,0.289623183981,-275.055262636,REEP3,0.00723174420672,0.447347165723
2,0.511062463087,1.12798682124,0.289747836005,-261.939830219,EHMT2,0.00674923956602,0.447347165723
-2,-0.445754479952,1.12096342439,0.291459618846,-238.916044157,CLU,0.00761933172746,0.44923118318
-2,-0.382979098414,1.11098291335,0.293793898036,-208.389038519,CNOT7,0.00834629035891,0.452066705059
2,0.233338858727,1.08521156407,0.298678035506,-325.88793468,PSMA7,0.00490856695657,0.458809620929
2,0.281028460834,1.05820343594,0.304899576777,-333.02192126,VPS45,0.00539739433187,0.466921933985
2,0.204098143335,1.06027287771,0.304980738063,-79.9693925482,PARP9,0.00773581472913,0.466921933985
2,-1.99634547576e-15,1.07993307038,0.306267129119,inf,LPP,0.0316882391802,0.46732580303
2,0.401686987664,1.05446299334,0.306102165684,-246.728046786,ALYREF,0.00684474161186,0.46732580303
2,0.377819537334,1.04443964196,0.308425696138,-247.690924532,RHBDF2,0.00686930508223,0.469835143783
2,0.397056467804,1.0285646295,0.311610105686,-332.561505014,PSMB3,0.00465353711738,0.473896233938
2,0.426502382145,1.01588057507,0.314874022348,-321.856488406,ELMO2,0.00570668511029,0.478064545558
2,0.429236440184,1.01266982716,0.315842628626,-224.127340528,MRPL40,0.00653281972559,0.478739904749
2,0.33334219361,1.01070796508,0.31641964649,-207.896309019,SMARCA4,0.00696988504683,0.478820458431
2,-0.339583381911,1.00837873766,0.31708806371,-203.373199804,UNC13D,0.00741409277151,0.479038826828
2,0.267051500575,0.991979615437,0.321444923641,-134.195197387,SIRPA,0.0089373990704,0.4848195713
2,0.34705572395,0.975531441956,0.325008447637,-203.320720437,POLR3A,0.00691986355347,0.488581778191
2,0.311302585991,0.980069803727,0.32469639568,-108.208479462,QRSL1,0.01021118036,0.488581778191
2,0.402050112492,0.957851885629,0.329049564924,-298.036636223,ASUN,0.00532264569505,0.493844503023
2,0.385523480568,0.937019772876,0.334118147372,-333.287832965,CPSF6,0.00427985990605,0.50062948639
2,0.42294555923,0.925177662472,0.337416685141,-325.783714272,DHTKD1,0.00514201333294,0.50474443571
2,-0.309908347925,0.925078769138,0.338180637645,-192.615919273,PKLR,0.00804940730993,0.505060625502
2,-0.47217066878,0.913890958387,0.340402864559,-265.191173578,TRRAP,0.00519510399894,0.507550111268
2,0.149652381167,0.908079346217,0.342877320367,-83.7448733361,DAP3,0.00882417932573,0.510406955726
-2,0.291112376933,0.898213967185,0.344538774309,-185.293850582,RPL13,0.00499290097093,0.511530683269
2,-0.35588522429,0.898703447087,0.344751532706,-214.251196778,ASH2L,0.00633341549468,0.511530683269
2,0.217406174826,0.888875952766,0.346816262361,-375.719213118,RPL30,0.00402408654094,0.51376023306
2,0.323229822572,0.887078900416,0.34790415536,-205.412438932,MRPS12,0.00634139269609,0.514537860839
2,0.229829877201,0.879633915795,0.349421993786,-312.969976611,RBM8A,0.00433574281862,0.515947822811
2,0.197195606835,0.870475521344,0.351954316028,-309.892286239,AP2M1,0.00435519813056,0.518848782016
2,-0.286047419227,0.86039819177,0.356081014372,-108.389623925,MFAP5,0.00936636688613,0.524087032425
2,0.405178501364,0.846950776876,0.35842438839,-307.99643814,XRCC5,0.00383501231915,0.525842521651
2,0.402234123731,0.8487922905,0.357903394997,-306.136220053,PSMD6,0.0038433186874,0.525842521651
2,-0.0577772439103,0.852316402253,0.360004759884,34.3028514078,SPTA1,0.0155383848515,0.527314664317
2,0.432919389284,0.837301331683,0.361765852384,-260.536262482,TMCO1,0.00603080961422,0.529046382526
2,-0.152971809501,0.827879258066,0.363944707954,-277.617061192,UQCRB,0.00398348508882,0.530819108809
2,0.499876532573,0.831203008556,0.364139585583,-160.319063188,AKR1C3,0.00832608426531,0.530819108809
2,0.254518596642,0.820668136169,0.365998988875,-340.939562895,PFDN2,0.00380254654596,0.532680057056
2,0.293948053851,0.812858958772,0.369128569009,-166.256698534,MRPS33,0.00689957756697,0.536380782312
2,0.520760556813,0.800330868781,0.372418223577,-253.882955469,NPTN,0.00527226037124,0.54007223196
2,0.278746688892,0.796422471692,0.373441630852,-253.653698238,USP5,0.00471824260272,0.54007223196
2,-0.076309167938,0.807855218538,0.373063305767,16.2643991272,CSRP1,0.0159002031293,0.54007223196
2,-0.378306164907,0.758334906695,0.38513872147,-285.901281953,DOCK4,0.00465926926034,0.553611251958
2,0.410825939413,0.757927456144,0.384944407109,-379.507530303,KLC4,0.0034966539173,0.553611251958
2,0.429823678531,0.760109463563,0.384502606752,-290.237785071,SUPT4H1,0.00437447620118,0.553611251958
2,0.250432798417,0.757727935434,0.385226210334,-273.026476884,PAF1,0.00428681644805,0.553611251958
-2,-0.466086245054,0.739525225378,0.391017038128,-275.185653809,TRAPPC11,0.00430608635029,0.561051134771
2,-0.464462994715,0.732887761052,0.393776605699,-217.054344887,SMARCD3,0.00650109986187,0.56412510597
2,-0.233081926132,0.721609769949,0.39910920464,-61.1811972095,FCGR2B,0.0122886578344,0.570869816965
2,0.396253671055,0.702527351337,0.402866604599,-316.430934203,PMPCB,0.00325692684255,0.575343869693
2,-0.323679094477,0.695412103814,0.40554999735,-297.290119113,SDHC,0.00424820766127,0.578272539124
2,-0.257487787113,0.691945101682,0.408075890396,-79.4334126016,SEPT4,0.00890626564667,0.58096785642
2,-0.233082370346,0.679498484954,0.410652271405,-377.611226727,RPS21,0.00307911921868,0.582820149168
2,0.309029196614,0.680774491329,0.41021390303,-356.508511083,PHB,0.00308488355136,0.582820149168
2,0.354147287308,0.660549356744,0.417755907917,-250.849499659,SLC25A36,0.00472967749151,0.591982790444
2,0.424733804929,0.652282863568,0.420439719007,-292.790676797,NFIB,0.00386761953347,0.59484846825
-2,-0.41406430841,0.6479080305,0.421730642698,-393.173761656,EEF2,0.00293638873028,0.59484846825
2,0.21259267251,0.648697906377,0.421612571525,-288.780310495,ZMYND8,0.00349422276424,0.59484846825
2,0.366567984133,0.641117755694,0.424170169796,-379.849344451,SSR4,0.00290570389697,0.597367542672
2,0.459181792124,0.62373414105,0.430744172082,-290.696520435,OAS1,0.00359244745044,0.604762170942
2,0.308054751966,0.624219889953,0.430558870969,-222.055938549,COX5A,0.00357464669189,0.604762170942
2,-0.18680793443,0.620763917048,0.431673612656,-237.316730347,UQCRH,0.00301897486043,0.60513754903
2,0.466643238031,0.615062022845,0.434108695712,-272.462634789,PPTC7,0.0040301528217,0.607619215745
2,0.505726972396,0.612695813448,0.43520915936,-251.510604688,PTMS,0.00472712807648,0.608228091215
2,9.04038748624e-16,0.622966720822,0.437368949186,inf,TNFAIP8L2,0.0243128255838,0.60938295664
2,0.350307401789,0.607065255597,0.437031622056,-230.035683298,MRTO4,0.00373332643721,0.60938295664
2,0.307668525358,0.600102143691,0.439402179866,-346.295571771,PKP2,0.00282268041097,0.611284006694
2,0.096455566473,0.59698267022,0.443442668849,-3.63749713941,ANK1,0.0120366731619,0.615967476182
2,-0.263242384619,0.586844623841,0.444770564043,-262.258794143,KIFAP3,0.00365437545782,0.616874500053
2,0.385339910864,0.573966478671,0.449801367566,-247.168852528,ORC5,0.00357446783721,0.622906742357
2,0.43753133705,0.560667452428,0.455070572911,-274.705321796,DFFB,0.00342788679675,0.627768665488
2,0.243896353533,0.563898734881,0.454010327353,-215.227111726,KDM5B,0.00419056478136,0.627768665488
2,0.320448057848,0.559230567652,0.455372675294,-374.615982019,MTX2,0.00254706015414,0.627768665488
2,0.0859862079855,0.557231580896,0.456802258059,-110.910365668,MRPL13,0.00450990665432,0.627845509573
2,0.271660573224,0.555914472259,0.45670692626,-350.387074377,RPL38,0.00252051491609,0.627845509573
2,0.286740334891,0.548045685004,0.460652733396,-212.015608233,ZBTB7B,0.00482655321541,0.631239277847
2,0.158215489084,0.547678988591,0.460237145208,-149.11735395,CDC5L,0.00305032619567,0.631239277847
2,0.193866685938,0.541809165862,0.462675064607,-181.583211702,RPS6,0.00310417984351,0.633061390795
2,-0.222504154858,0.536620971227,0.465453231776,-142.638328617,CYGB,0.00503696256118,0.635910693339
2,0.260882424558,0.529941974328,0.468221314808,-174.668387355,MRPS28,0.00492832009948,0.637489739371
2,0.47626708849,0.525546304538,0.469255667149,-396.852655501,HSP90AB1,0.00238315384927,0.637489739371
2,-0.168864047711,0.525850799897,0.469377492071,-195.057629039,COPE,0.00315777278645,0.637489739371
2,0.299913911825,0.526290824065,0.469398899996,-223.135466139,DDRGK1,0.00379921256055,0.637489739371
2,0.250137699703,0.521219884805,0.471356192115,-225.680360487,NDUFB11,0.00318747551647,0.638251199397
2,0.309798625941,0.522100398038,0.470934129549,-306.685598818,PLVAP,0.00304392493344,0.638251199397
2,0.190911796203,0.519751906272,0.472629591248,-103.805646631,SULF1,0.00517064453917,0.639028766864
2,0.384800221691,0.515362253986,0.474270051686,-185.245072492,GULP1,0.00442312707969,0.640299597106
2,0.13122044314,0.504428445499,0.478670855677,-223.25223966,EXOSC4,0.00337400337063,0.645287849689
2,0.204071876992,0.481000233581,0.489860517103,-83.4412976489,ITGB5,0.00562698415165,0.653914397402
2,0.328251842255,0.473986365273,0.491901135774,-367.720018788,VBP1,0.00219973822951,0.653914397402
2,-0.343304586982,0.471713920562,0.49293984662,-347.790905483,PFDN6,0.00218921505741,0.653914397402
-2,-0.345590610335,0.480212153102,0.489074102595,-377.473956984,MRPS36,0.00222856729304,0.653914397402
2,0.178720624268,0.479532161666,0.491027506922,-56.3646884197,PAG1,0.00710633500714,0.653914397402
2,0.462246931158,0.475921972359,0.491002388874,-401.228856344,SLC25A13,0.00215861200671,0.653914397402
-2,-0.214908333719,0.475708690057,0.491099433749,-250.976543404,TCP1,0.00215764672164,0.653914397402
-2,-0.294260100708,0.477293050249,0.491490237965,-118.3615165,PBK,0.00545619364301,0.653914397402
2,0.304717614834,0.473080509753,0.492304558658,-369.154486019,SNRPC,0.00216539497063,0.653914397402
2,0.248107409557,0.481826571334,0.489100446708,-170.585640802,CD5L,0.00448286549182,0.653914397402
2,0.106788311776,0.48721806706,0.486130168966,-158.21674366,NDUFS2,0.00287465965054,0.653914397402
2,0.253863826493,0.465617592461,0.496137677359,-248.444056118,C1orf131,0.00331481540068,0.657202662473
2,-5.02725828677e-16,0.458023826806,0.501335059156,inf,CTHRC1,0.00811264362018,0.663126257697
2,0.243735485833,0.453219371229,0.502658116996,-127.338191091,TUBB1,0.00536651384759,0.663371252308
2,0.364564778336,0.448611065051,0.50369764672,-391.407641414,ITGA6,0.00203499156962,0.663371252308
2,0.105649189931,0.448880869373,0.503569508702,-220.837847001,CCT5,0.00203621296512,0.663371252308
2,0.323415485017,0.438053699808,0.508795925634,-360.852260525,RAP1B,0.00210160137284,0.667201543801
2,0.230593940581,0.439755010606,0.508707904557,-120.166466001,C1RL,0.00421060936576,0.667201543801
2,0.11496519559,0.438768791819,0.508410617757,-327.887023312,EIF3E,0.0019904338707,0.667201543801
2,-0.150761203585,0.434230911871,0.511481442673,-102.149803028,HMCN1,0.00445665663707,0.667848626575
2,-0.247302469938,0.434988116083,0.51028102126,-367.542018709,ATP5E,0.00208692465701,0.667848626575
2,0.357906545752,0.433504378094,0.510962824341,-354.797264728,SDHB,0.00196659931219,0.667848626575
2,0.272365230006,0.430272707128,0.512894669149,-264.98701056,TRIT1,0.00295861858139,0.668738555781
2,-0.131002471916,0.420328958504,0.518201849711,-71.7598216758,PARP14,0.00402535562468,0.674695855607
2,0.229547534725,0.414831111973,0.520198463187,-377.789870648,DARS2,0.00188204718294,0.67633199908
2,0.34917490511,0.405222566191,0.525222115108,-304.516427125,PRKAR2B,0.00227136044765,0.681558179747
2,0.166558029097,0.405379808943,0.525709536895,-125.27472561,NDUFA13,0.00384591194186,0.681558179747
2,-0.136766134069,0.402433702514,0.526622986793,-322.874262476,GPAA1,0.00218236654709,0.681775368171
2,-0.395301044333,0.400973048592,0.527433123507,-299.636437393,DAD1,0.00233938606917,0.681858380319
2,0.176152426204,0.388721310917,0.534324335367,-133.512312023,MRPL27,0.00368845267389,0.683038381154
2,0.286401751063,0.390327307239,0.53293194728,-283.957544636,RPL7L1,0.00220038664545,0.683038381154
2,0.307533708848,0.390685144951,0.532590199579,-394.037076484,NCKAP1,0.00178077362169,0.683038381154
2,0.179800555255,0.388837603316,0.534124826046,-165.586823513,C19orf53,0.00331238992782,0.683038381154
2,0.28829126471,0.391327922856,0.532751863542,-199.160004026,MED8,0.00314594216004,0.683038381154
2,0.215916399197,0.394924805537,0.530449915521,-317.255660536,EMG1,0.00200068368488,0.683038381154
2,0.0831453691196,0.392444644624,0.532846333607,-19.4954973891,CFHR5,0.00500615392725,0.683038381154
2,-1.0180808415e-15,0.396979775639,0.531170949897,inf,APCS,0.00691638788646,0.683038381154
2,0.263218424461,0.38391410866,0.536168913398,-294.593176535,SART1,0.00177422665747,0.684439087773
2,-0.202817956081,0.369737360585,0.54377467432,-355.9564294,PSMC5,0.00167780460699,0.693179989301
-2,-0.399846690457,0.366365095378,0.545619005397,-396.265869862,CYFIP1,0.0016701060585,0.69456235506
2,-0.336802557715,0.361965815741,0.548632386289,-183.793851432,MRPL34,0.00322142651309,0.697426983405
2,0.271083187259,0.355832394132,0.551614275726,-285.475418944,TTI1,0.00206452192066,0.700243677796
2,0.152840113112,0.351383501957,0.55410062149,-215.508158217,LSM4,0.00201537547279,0.700481283599
-2,-0.344021950605,0.351271983855,0.554005457661,-367.681518727,FAM98B,0.00160141302432,0.700481283599
2,-0.21099802315,0.35140288984,0.554094145082,-309.944523592,NFYC,0.00202711304311,0.700481283599
2,0.25031437788,0.349345642417,0.555674730331,-161.850811754,IDO1,0.00310945863031,0.701500971717
2,-0.123949684829,0.342589336674,0.55893828451,-291.443099809,RPS3,0.00155480308053,0.704647713161
2,-0.293057090327,0.337326733576,0.56264502254,-158.089105252,BTN3A3,0.00326432610789,0.708343733611
2,0.284446871578,0.33290479355,0.565496751146,-126.822802629,YEATS4,0.00394750772982,0.710954649996
2,0.101685734208,0.329769085843,0.567584901448,-55.7037688644,ECT2,0.00455924427813,0.71259972517
-2,-0.23357566021,0.322526813512,0.570672202751,-356.058822548,AP3D1,0.00146388486995,0.715492994944
2,0.329210346765,0.318602744577,0.573712462879,-177.016042407,C6orf203,0.00317590891281,0.716008133332
2,0.192968714442,0.317459326555,0.573728410588,-245.326695522,SMC1A,0.00148125741856,0.716008133332
2,-0.0887929069248,0.321752087513,0.571894549622,-84.8094719394,RFC4,0.00337543194987,0.716008133332
2,0.1355747614,0.315912019984,0.57499996703,-158.281471577,MRPL38,0.0023174992215,0.716008133332
2,0.347750528703,0.315424663868,0.574941995455,-403.42764398,ERP29,0.00143169578049,0.716008133332
2,-0.257177270123,0.313661813735,0.5763368393,-254.493716334,CFHR3,0.00223543316938,0.716696423293
2,0.286948614806,0.307805171603,0.579835048192,-275.58612761,UXT,0.00199474790832,0.719089869806
2,9.64986399319e-16,0.311543176535,0.579384103023,inf,MRC2,0.00658492950382,0.719089869806
2,-0.129921110575,0.307816682093,0.580696199072,-75.2015374665,SPCS2,0.00414245359152,0.719182013485
2,0.118316665343,0.302379643572,0.583083741176,-213.752992895,ATP5C1,0.00169588114402,0.72116175837
2,0.202473660921,0.296566318557,0.587005594933,-154.426507948,XPO5,0.00234817404148,0.724052785113
2,0.128811876309,0.296792490062,0.586582153096,-137.149951313,MSH2,0.00166459803296,0.724052785113
2,-0.172205981479,0.290426790572,0.590520731212,-272.972642731,DKC1,0.001387673555,0.727406938447
2,-0.0469309563662,0.287914952505,0.593511401196,0.767821750643,CA1,0.00469774428985,0.730106891916
2,-0.360820180959,0.277458988877,0.599012937282,-335.999362548,KRT23,0.00152217937652,0.735884172951
2,0.124693626681,0.268397760806,0.604938837643,-253.56381778,NOP56,0.00124104013154,0.742166573968
-2,-0.235703451507,0.264376762392,0.608115734431,-191.25224592,LMF2,0.00229365541911,0.74506404996
2,-1.32830254732e-15,0.264765854267,0.611383978969,inf,FMOD,0.0104796480519,0.746026577465
2,-0.184142542107,0.257186866421,0.612982450412,-164.983671252,MRPL51,0.00212100307675,0.746026577465
2,0.239127517937,0.260779952593,0.610279995427,-273.683181364,RNASE1,0.00160716565438,0.746026577465
2,0.077303144784,0.258001590011,0.612091852329,-165.932999713,NUP205,0.00137046812264,0.746026577465
2,0.136609762531,0.257600218264,0.61263363714,-159.819429931,NDUFB7,0.0019776214043,0.746026577465
2,0.161786963157,0.250216834321,0.617605476133,-174.922771281,WDR3,0.00155173021924,0.750653464343
-2,-0.16222139937,0.246246787523,0.620286347344,-290.297320879,WDR18,0.00125478469807,0.752910652686
2,0.079834433588,0.243813609133,0.622073920629,-216.119708576,POGZ,0.00136786575756,0.754078996625
-2,-0.326819917064,0.238851319316,0.625618976952,-335.216313718,MYEF2,0.00129642210427,0.757371847595
2,0.140681607275,0.235357054573,0.628464278442,-166.338043936,MRPL55,0.00195746958581,0.759809987428
2,-0.185507898027,0.216846017794,0.641916440231,-304.12616888,RPL37A,0.000989185008966,0.775048383581
2,0.0931168477448,0.208038079765,0.648759426185,-266.911379024,COPA,0.000944734268463,0.781268171981
2,0.129592158629,0.20832310436,0.648777398833,-149.018430659,SMARCE1,0.00145468573225,0.781268171981
2,0.173214725716,0.198211458364,0.656608137817,-315.420468062,PCCA,0.000904256732048,0.789657681532
2,0.109802471698,0.195394886347,0.659064567834,-240.218211102,LAMTOR2,0.00122739031796,0.789714937791
2,0.180875672087,0.196592746138,0.657920973046,-310.790891103,ARCN1,0.000892805577445,0.789714937791
2,0.176677230822,0.195665677162,0.659247809119,-131.40770663,RTN4IP1,0.00205540531463,0.789714937791
2,0.082974676321,0.189664660501,0.663624784949,-280.497919025,RPL7,0.000865299286784,0.793917609219
2,0.0709790144606,0.187754771919,0.665943646252,-43.7063489079,CFHR2,0.00231259963337,0.795650317222
2,0.138089270866,0.180451561951,0.671682357939,-142.737420525,MRPL14,0.00137559796298,0.801459105948
2,0.126350767613,0.176740743371,0.674599623734,-316.777198669,RPL10,0.000802722134839,0.803890555532
2,0.0579833392629,0.167461051367,0.683003553214,-139.966379608,MRPL47,0.00119472130059,0.809682552059
2,-0.0670341761255,0.167712297414,0.682558838887,-255.077128819,ILF2,0.000775843420978,0.809682552059
2,0.149875865555,0.167905963882,0.682469545193,-246.312915328,XAB2,0.000937143083627,0.809682552059
2,0.23107581882,0.168454207208,0.682149706022,-230.87167021,SLC39A10,0.00126497080867,0.809682552059
2,0.0976892329732,0.16314524866,0.686669463186,-315.792926979,FARSA,0.000741019794553,0.812973949938
2,0.136322713962,0.162097690232,0.687769927543,-181.248630506,STT3A,0.00101208520973,0.813223433084
2,0.117860451195,0.156292947233,0.693066080693,-282.620311463,TNPO2,0.000877279969444,0.818426870482
2,-0.109309278477,0.150112813359,0.699342319917,-124.095440908,CA3,0.00166514282317,0.824772748908
2,0.217617896757,0.145632822005,0.703141413233,-357.096803646,MRPS16,0.000713377112169,0.826055593439
2,-0.221560706683,0.147460297255,0.701677282768,-204.165685485,TSPAN8,0.00126959553724,0.826055593439
2,0.110668190345,0.146435017675,0.702558771139,-184.70122034,RRS1,0.00106772748162,0.826055593439
2,-0.20031994932,0.143894684853,0.705014206866,-221.539803754,PDRG1,0.00102676384995,0.827192535399
2,0.252970330783,0.13811803067,0.71051684392,-404.724386721,IPO5,0.00062741533318,0.831513950503
2,-0.218007571146,0.138527000486,0.71021063317,-288.615759456,TRAPPC12,0.000809443688188,0.831513950503
2,0.140700078508,0.129655628319,0.719572193654,-132.032891903,SPEF2,0.00133487169784,0.835795475045
2,0.0831572266815,0.132462191133,0.716479436844,-170.678458511,THBS3,0.00101014034908,0.835795475045
2,0.116143619212,0.129147795601,0.719661968119,-356.072588475,ATP1B1,0.000586691026126,0.835795475045
2,0.126997882143,0.129602794265,0.719296399619,-294.950563921,GMEB2,0.000770850535012,0.835795475045
2,0.118550492575,0.129585781015,0.719207237776,-353.127058443,PSMD12,0.00058867952963,0.835795475045
2,-0.112449340765,0.13309475932,0.715595072514,-313.252240585,PSMB2,0.000604610403835,0.835795475045
2,0.0348004671149,0.126669053012,0.723119162707,-3.26294572123,NID1,0.00203888370232,0.838744815627
2,2.42067176877e-15,0.118713703382,0.731337909221,inf,CTSK,0.00148172253266,0.838920389152
2,0.17546649397,0.123853410411,0.725335842423,-269.523343098,MKL2,0.000741087569989,0.838920389152
2,-0.0641607290623,0.119460969111,0.730062795261,-86.0417731785,NDUFS1,0.000727890333089,0.838920389152
2,0.108959074501,0.115922117598,0.734284804509,-105.205135246,NDUFB4,0.00127224874537,0.838920389152
2,0.0814561360605,0.117071141399,0.732812280798,-123.814734381,PLOD2,0.000943231582265,0.838920389152
2,0.105124921479,0.118840143693,0.730634423058,-362.00599951,COPS5,0.000555019556491,0.838920389152
2,-0.203546386012,0.122335547244,0.727029660862,-240.380960219,COMMD4,0.000854762094095,0.838920389152
2,0.208249022605,0.120881690701,0.728564352638,-282.950505865,DSN1,0.000799900644758,0.838920389152
-2,-0.114405227825,0.117544343801,0.732258631313,-147.344545561,COX4I1,0.000889695190637,0.838920389152
2,-0.214517384117,0.118497887574,0.731094835095,-297.581450249,RNGTT,0.000696560862254,0.838920389152
2,0.198370378474,0.116116847191,0.733627138369,-351.497370411,DDX6,0.000555274499842,0.838920389152
2,0.0992452207736,0.118567095217,0.730922730547,-369.348383589,RPS20,0.000538651040583,0.838920389152
2,-0.12862827856,0.113676780019,0.736319289056,-397.685193085,AP1M2,0.000518802758866,0.840194544566
2,0.172552365952,0.110993851289,0.739506869563,-221.915578156,SNRPA,0.000781036345475,0.842779649352
-2,0.0933484516534,0.109846651455,0.740744514709,-181.011556589,UTP15,0.000673451993917,0.843138837415
2,-0.145077783815,0.107240475508,0.743619358368,-402.916133936,SERPINB6,0.000487219208585,0.845358325309
2,-0.136218702238,0.106016535962,0.745245141339,-239.914044531,POP4,0.000808632118977,0.846154110787
2,-0.132600656647,0.104392547124,0.747396046794,-128.957099015,RASAL3,0.0011984762659,0.847519644367
2,0.154739963687,0.103422190682,0.748302355584,-184.447655087,PSIP1,0.000833354865294,0.847519644367
2,0.0845497075844,0.10100041002,0.750974204754,-268.948191593,LAMB3,0.000520349765365,0.849493097952
-2,-0.162975815634,0.100322027951,0.751908696109,-244.154280108,UQCR11,0.000705994374391,0.849498823539
2,-0.0731453192535,0.0988678620193,0.753543028687,-299.133196835,KIAA1429,0.000528425763069,0.85029423237
2,-0.16801375391,0.0977709612404,0.75490438414,-272.089128167,AATF,0.000574792724724,0.850780033421
2,0.105591376618,0.0933461166595,0.760314753844,-300.099572119,TP53RK,0.000512627828804,0.855822272184
2,0.0792726946665,0.0912974891524,0.762907841763,-224.004601163,NDUFS8,0.000543142271588,0.857684830715
2,0.0618849620844,0.086399957884,0.769159150032,-224.786926516,NDUFS6,0.000502073132479,0.863650446105
2,-0.124210535044,0.0847960738426,0.771241113929,-301.408295434,PPP1R10,0.000478844461651,0.864925617339
2,0.0861061434188,0.0840489665876,0.772460791342,-126.765690237,CFHR1,0.000807510540012,0.865231817754
2,0.0851191948827,0.0796122317484,0.778358634719,-110.235413198,MRPS35,0.000729854370762,0.869706347351
2,0.110365958996,0.0799110419442,0.777753997597,-222.288001141,RPL35,0.000459048039868,0.869706347351
2,0.0841190346497,0.0783753986585,0.779829141708,-184.371343452,NOC2L,0.000430448692696,0.870285513457
2,-0.111002816276,0.0745425696449,0.785254434048,-176.461892468,POLR3B,0.000555978549068,0.875271405756
2,-0.11192942046,0.071940587553,0.78945196883,-92.9541063191,PRSS1,0.00119757388973,0.87621808334
2,0.107500164817,0.0724215793242,0.788250891528,-188.736468951,IFI30,0.000532228194984,0.87621808334
2,0.105062099367,0.0718822038204,0.789010379561,-231.976678746,NSL1,0.000513180823228,0.87621808334
2,0.126196507943,0.0712399026551,0.789938403361,-234.217309023,BLVRB,0.000515964821532,0.87621808334
2,0.0741852422536,0.0643939106933,0.799919399242,-338.856893228,CAPN2,0.000293949690061,0.886213734433
2,-0.0704724230652,0.0622972986923,0.803134021512,-293.780686719,RUVBL1,0.000283089377222,0.888697936637
2,0.0565838907654,0.061208552788,0.804953228639,-238.83068508,LRRC14,0.000430860425668,0.889633918955
2,0.12905896397,0.0549644672238,0.814924991515,-287.977163869,FAM103A1,0.000327062442922,0.897074418384
2,0.0584626303767,0.0550285575996,0.814839093151,-223.920818034,CHERP,0.000350377559413,0.897074418384
2,-0.0616046413893,0.0561676637875,0.813032035628,-112.121500102,RPN2,0.000431872357893,0.897074418384
2,-0.0817731932633,0.0545440741781,0.815611424154,-231.695890232,LSM2,0.000313373456972,0.897074418384
2,0.0784775819251,0.0528664041056,0.818564231404,-197.47170219,ADAM15,0.0004676255082,0.897120504255
2,0.102274781971,0.0518557443969,0.820124938309,-254.060286638,CDC42BPB,0.000289612996086,0.897120504255
2,-0.144580970302,0.0523029033614,0.819315876234,-388.317665887,GNB1,0.000237683962727,0.897120504255
2,0.0812881167152,0.05172014545,0.820560986386,-127.071922391,LXN,0.000516934095433,0.897120504255
2,-0.11560328789,0.0531008277865,0.818054771062,-274.367066569,MAGEA4,0.000340274095835,0.897120504255
2,-0.0642561337595,0.0494884057164,0.824218304228,-268.945754837,SAMD4B,0.000285978341643,0.898968412965
-2,0.141908420579,0.0495774749605,0.824006717704,-390.1158367,RPL36,0.000225301386757,0.898968412965
2,0.141866701237,0.0487217273365,0.825567554959,-302.893178599,GPNMB,0.00028651628099,0.899366800039
2,0.0412585958007,0.0481169621785,0.826807017677,-109.42256622,MRPL9,0.00046693684074,0.899644778758
2,-0.135137102947,0.0471667723219,0.828333856449,-292.075308172,MED20,0.00028235601497,0.900234417116
2,0.134536180443,0.0445590941913,0.83301224802,-390.11836816,RPL36,0.000202500322547,0.904243699157
2,-0.034607662317,0.042839099057,0.836338108197,-87.3501569506,UBA2,0.000314894185836,0.906132541197
2,0.0926822632936,0.0425815069689,0.836735081806,-335.435956321,ATP6AP1,0.000222890135974,0.906132541197
2,-0.058750202668,0.0391111468081,0.843411240122,-295.009987164,COPG1,0.000177746340659,0.911203160132
2,0.11920857093,0.0395572869552,0.842627293453,-260.962419118,TOPBP1,0.000272734471168,0.911203160132
2,-0.111848401858,0.0384685805782,0.845065508686,-123.83653755,ABT1,0.000541517593874,0.911713390391
2,-0.105613334036,0.037900396206,0.845878506621,-285.491411559,RCL1,0.000225546713668,0.911713390391
2,-0.0757809241545,0.0371065913264,0.847476775,-284.809238002,TOR1AIP2,0.000216950532349,0.912360155889
2,-0.10270314818,0.0363373199437,0.849185185744,-193.576520812,MEST,0.000342687430197,0.913123835023
2,-0.0795895892229,0.0347594549154,0.852352515715,-239.215004863,MRPS15,0.000231676013223,0.915452643201
2,-0.0907801754007,0.030192006232,0.862222663041,-330.244922609,BCKDHA,0.000143750790987,0.924820423234
2,0.0638470418899,0.029802946876,0.863098272449,-316.993908163,EIF3I,0.000136692078208,0.924820423234
2,-0.0566645913349,0.0293166459063,0.864208057355,-293.901866219,RPL10A,0.000133848045345,0.92492525108
-2,-0.0521762975746,0.0282882866177,0.866594719382,-300.19897223,ATP5D,0.000134687983454,0.926394822825
2,-0.0525390481691,0.0277991861052,0.867810931526,-155.706457698,SRSF1,0.000189074353688,0.926611204924
2,-0.083436457775,0.0272565077674,0.869319030694,-129.752818377,ICAM2,0.000368195568135,0.927138382794
2,0.0705000961181,0.0235835558139,0.878131420616,-260.180701416,MRPL2,0.00013870755645,0.935445359491
2,-0.0590614060926,0.0224165350223,0.881268831669,-165.72596573,RGS19,0.000211432032535,0.937694659075
2,-0.0855106432868,0.0213262830472,0.884069717022,-296.693804522,SUDS3,0.000127685987902,0.938995194624
2,-0.0475681863659,0.0211644038577,0.8845458015,-201.764619115,EBNA1BP2,0.000154460837856,0.938995194624
2,0.074008908638,0.0191036579672,0.890278768399,-224.098943285,SLC39A6,0.00014361589758,0.939436949322
2,0.0758867233988,0.0203711928199,0.886940088181,-110.296567148,CCDC137,0.000308559198499,0.939436949322
2,-0.048595662244,0.0196743686263,0.88861257746,-311.224823608,PBX1,0.000113058300434,0.939436949322
2,-0.015886584691,0.0188964043264,0.890951795895,-2.86899000261,MCM4,0.000196798807672,0.939436949322
2,-0.0355101346926,0.0188153697108,0.891128922388,-121.28646709,MRPL4,0.000158087354947,0.939436949322
2,-0.0704742661596,0.0196682735592,0.888646132251,-278.174371404,LYRM4,0.000124467250021,0.939436949322
2,-0.0639408014888,0.0181841804906,0.892866412925,-296.388427076,LAS1L,9.04603758347e-05,0.940184218218
2,0.0373025939685,0.017361227248,0.895320519742,-316.349647555,PPP1R2,9.69806901909e-05,0.941132004499
2,-0.0370975635006,0.0173482473424,0.895825868615,-45.7898475609,GNB4,0.000403284908279,0.941132004499
2,-0.0231397264496,0.0160737947906,0.899271757668,-177.892159242,CHCHD3,0.000100451125999,0.941505597375
2,0.0583596801754,0.0161760055791,0.89893759789,-285.742337327,CTNNBL1,9.08681780613e-05,0.941505597375
2,0.0441402296974,0.0165169734542,0.89786059173,-304.451941908,IDH3G,7.79041826079e-05,0.941505597375
2,0.0448960123112,0.0144526525436,0.904447429549,-255.744516174,MAGOHB,8.25797659826e-05,0.941544572097
2,0.0326367171315,0.0144725100175,0.904459665537,-142.925956881,ARPC5,0.000129202144091,0.941544572097
2,-0.0355817554695,0.0148221686496,0.903211051456,-346.559758978,SRP9,6.73689549797e-05,0.941544572097
2,0.0801404250818,0.0146390651957,0.9038419557,-304.447852756,C14orf2,8.71297005856e-05,0.941544572097
2,0.0433477829581,0.0154979643975,0.901198273502,-121.022250486,NCAPG2,0.000168427762065,0.941544572097
2,-0.020506354222,0.0138841477751,0.906396930835,-120.397506826,MRPL21,0.000114731858025,0.942487821141
2,0.0277796348823,0.0131921830432,0.908669621303,-305.988373317,COG2,6.37262915668e-05,0.942706054337
2,0.043536076817,0.0133119026332,0.908277665557,-277.86770789,SNX4,7.56300900731e-05,0.942706054337
2,0.00948740030467,0.012814429712,0.910374846688,11.9573164907,PPP1R12B,0.000284684036632,0.943404319584
2,-0.0294099174319,0.0110893163841,0.916372805266,-140.950330509,GPT,0.000125999081141,0.947755775603
2,-0.025819553513,0.0110252733552,0.916647817979,-89.0530838982,CA2,0.000143164869136,0.947755775603
2,-0.0245406662096,0.00907309856276,0.924224903411,-313.772380864,ENY2,5.2747790563e-05,0.954510239229
2,-0.0451511780186,0.00862563497923,0.926087945912,-366.326296756,RPS7,3.92058945612e-05,0.955354833593
2,0.0456964242668,0.00681890501248,0.934264630984,-387.878631049,NUP35,3.1568008117e-05,0.95883239502
2,0.0304989664509,0.00674937453315,0.934704227531,-158.942217545,MEX3A,7.41634502884e-05,0.95883239502
2,0.0220982267806,0.00680918166954,0.934343556664,-246.277429519,PSMB4,4.47952411228e-05,0.95883239502
2,0.0226939826391,0.00715154983298,0.932686714547,-268.162319479,ATP5H,3.42167709569e-05,0.95883239502
-2,-0.0438853843513,0.00728671475705,0.932051031606,-362.142197677,TXNL1,3.3120333721e-05,0.95883239502
2,-0.0305931870587,0.00566556048599,0.940102993412,-247.480339363,RPP40,3.88037030222e-05,0.963289390111
2,-0.037205361824,0.00507766251489,0.943273094949,-307.24985603,TOX4,2.86865359004e-05,0.965455328985
2,0.0114637383936,0.00384891668989,0.95063362891,-107.534212335,MRPL24,3.18082170475e-05,0.967571421853
-2,-0.039637032949,0.00428936722236,0.947869655369,-267.826855037,PIP5K1C,2.89813710176e-05,0.967571421853
2,0.0137762244861,0.00417981490503,0.948681728326,-50.4383617675,BPGM,7.46339812289e-05,0.967571421853
2,-0.0273299289434,0.00400191742187,0.949659149285,-194.127043804,H1FX,3.1760240635e-05,0.967571421853
2,0.0146048797653,0.0043224263481,0.947663829909,-164.358726767,NDUFA9,2.73563803936e-05,0.967571421853
2,0.00471451506329,0.0036587647302,0.951914373628,-20.8971341211,COL14A1,4.46170913019e-05,0.967797260841
2,0.0110410778468,0.00334565983847,0.953927965764,-338.702648192,COX6C,1.54175495695e-05,0.968766845231
2,0.0170920202149,0.00282341896042,0.957671882418,-274.638153633,SUPT16H,1.28335578452e-05,0.971489567736
2,0.0194255065477,0.00231130147268,0.961699291017,-363.295131184,EIF2S2,1.05058054117e-05,0.974493516618
2,0.0125518609843,0.00177236257754,0.966497888125,-116.312142329,TPM4,1.65638618727e-05,0.978271395067
2,0.00506391252722,0.00143645036085,0.969871878962,-27.7447379709,LAMC1,1.99503014335e-05,0.98060055019
2,0.0161828095523,0.00106853942516,0.973960879524,-289.276393277,GTF2E1,6.21239992438e-06,0.983646678326
-2,0.0189049394171,0.000945964696977,0.975497966836,-310.852289893,SCAMP1,5.28469104955e-06,0.984111635418
2,-0.00807656458481,0.000583642480484,0.980767535788,-162.091589583,YBX1,5.03137537922e-06,0.988336855249
2,0.00599935177265,0.000351731027029,0.985053954069,-346.673130248,PHB2,1.5987748393e-06,0.991215094199
2,-0.00535734533913,0.000318408401207,0.985792692152,-149.277405838,HIST1H1E,2.63146746549e-06,0.991215094199
2,0.00618311822708,0.000217344543837,0.988255336244,-222.697066169,UTP3,1.3172379244e-06,0.992599315744
2,0.00173517354148,2.12974804402e-05,0.996323251194,-249.539372238,NAA10,1.2527928106e-07,0.998508170604
2,-0.00204069354006,2.18948632644e-05,0.996271291314,-291.46019491,VPS52,1.11141425507e-07,0.998508170604
-2,0.000246057518209,5.08439180708e-07,0.999432055962,-225.95349347,MSR1,3.53082763027e-09,0.999432055962
2,-0.00054096323643,3.4815109567e-06,0.998515775303,-112.066969883,ASH1L,4.2457449001e-08,0.999432055962
