protein,type,meas,coef,wald,fdr
PUF60,2.0,83.0,1.51536726895,3.17647685409e-21,4.0436550352591226e-18
PDIA4,2.0,26.0,2.0188855459,1.44736156652e-15,9.2124563709299992e-13
PARP10,2.0,60.0,1.16318505591,4.20666520219e-13,1.7850282674624685e-10
PLEC,2.0,64.0,1.19072704967,3.28233838217e-12,1.0446041901264897e-09
SSBP1,2.0,26.0,1.8355351281,4.44721170041e-12,1.0545174772567717e-09
ATAD2,2.0,74.0,1.23054169894,4.97023162886e-12,1.0545174772567717e-09
DEK,2.0,29.0,1.42905438375,2.333858571e-11,4.244288515555052e-09
DHX36,2.0,27.0,1.54422225744,9.73058256929e-11,1.5483789513386501e-08
RBM28,2.0,17.0,1.40707247878,2.27991485549e-10,3.2248129011562956e-08
TBCB,2.0,16.0,2.07455366986,3.38373743165e-10,4.3074977504965914e-08
DNMT1,2.0,17.0,1.76719090477,7.28151009187e-10,8.426693042683059e-08
TAGLN2,2.0,20.0,1.93412343962,8.89779009195e-10,9.4390723225401941e-08
ZMPSTE24,2.0,19.0,1.905413191,1.9686689372e-09,1.9277811977388831e-07
HEATR6,2.0,15.0,2.17099980085,2.67261901623e-09,2.2681626717727746e-07
NUP153,2.0,26.0,1.1847945927,2.54086887573e-09,2.2681626717727746e-07
PRKCSH,2.0,17.0,2.07780768026,3.30920821151e-09,2.6328887832836183e-07
ADRBK1,2.0,12.0,1.89792264158,3.98497786267e-09,2.8465767443690917e-07
YWHAZ,2.0,62.0,1.21178497703,4.02501032197e-09,2.8465767443690917e-07
PML,2.0,6.0,3.46770195053,4.53835780995e-09,3.0174910579885773e-07
DDX5,2.0,16.0,2.07128733459,4.74075578631e-09,3.0174910579885773e-07
ADNP,2.0,23.0,1.07629300475,6.08474121454e-09,3.688512174339995e-07
CSE1L,2.0,19.0,1.9452919417,6.55647935755e-09,3.7938173737068232e-07
WDR1,2.0,9.0,2.72803224129,1.00345255489e-08,5.3224795932457802e-07
GSTK1,2.0,27.0,1.67539762861,9.63944568562e-09,5.3224795932457802e-07
ECHS1,-2.0,5.0,-3.60115489339,1.11858018894e-08,5.6958103221052541e-07
FH,2.0,26.0,1.3362711796,1.2225159241e-08,5.9856260437842992e-07
SDAD1,2.0,7.0,2.69453605441,2.93763099178e-08,1.3850386120502703e-06
TECR,2.0,25.0,1.6578178158,4.3024467881e-08,1.956076700446543e-06
EEF1D,2.0,84.0,0.972328175004,7.40413379529e-08,3.2501594211755238e-06
DLD,2.0,12.0,1.94811096565,8.40459432164e-08,3.4847453153552118e-06
PPP2R5D,2.0,14.0,2.01682266751,8.48602551265e-08,3.4847453153552118e-06
TOP1,2.0,11.0,1.64780132668,1.06610179521e-07,4.2410862040785228e-06
BROX,2.0,22.0,1.68831358068,1.17429442533e-07,4.5299297074148445e-06
PTBP1,-2.0,13.0,-1.94104155483,1.27234495823e-07,4.7638092112703201e-06
APEX1,2.0,9.0,2.5070446268,1.32793813188e-07,4.8299006910850372e-06
TOP2A,2.0,5.0,1.58538303226,1.52487517929e-07,5.392128064549924e-06
ACADSB,2.0,6.0,3.12256083375,1.80551015759e-07,6.2119308935629812e-06
PDIA6,2.0,6.0,2.54297224139,2.07325450459e-07,6.9454025903634592e-06
MRPS7,2.0,12.0,1.13366581395,2.92957654451e-07,9.562438310658394e-06
LSM14B,2.0,29.0,1.38463622307,3.42130742831e-07,1.0888310890600379e-05
CPT2,2.0,12.0,1.87278937797,3.56731143899e-07,1.1076066980069884e-05
ACTL6A,2.0,52.0,0.716925400651,3.89295212248e-07,1.1799352504574289e-05
GRPEL1,2.0,15.0,1.58617056087,4.12672826854e-07,1.221703508338607e-05
TNPO3,2.0,18.0,1.6797351579,4.28719976176e-07,1.2403648401646981e-05
SEC62,2.0,18.0,1.63210879197,4.86085930766e-07,1.3750830885880315e-05
PPIF,2.0,12.0,2.13641058654,5.10969980989e-07,1.4140538821728534e-05
VDAC2,2.0,14.0,1.75791138983,5.26715289903e-07,1.4266139660552675e-05
MTMR12,2.0,14.0,1.87265029759,7.26706505484e-07,1.8985110674158127e-05
CTPS1,2.0,23.0,1.33895059953,7.73982254738e-07,1.8985110674158127e-05
FNTA,2.0,19.0,1.41826504091,7.75511198002e-07,1.8985110674158127e-05
MYO18A,2.0,9.0,1.62313640638,7.51678582861e-07,1.8985110674158127e-05
RBM12B,2.0,32.0,0.910399313492,7.47121051573e-07,1.8985110674158127e-05
SLC35E1,2.0,22.0,1.56598138389,7.93825575521e-07,1.9066791653540411e-05
MDH2,2.0,10.0,1.49982838766,8.35476934792e-07,1.9695595147955597e-05
AK2,2.0,12.0,1.69489864234,8.9188537413e-07,2.0643092386670426e-05
UPF1,2.0,17.0,1.60777660131,9.25592018503e-07,2.1040689992042535e-05
OAT,2.0,12.0,1.97640829926,9.82990061885e-07,2.1953444715442184e-05
STRAP,2.0,15.0,1.9143503468,1.11778868103e-06,2.4533534326772471e-05
KIN,2.0,19.0,1.53391806198,1.52255241657e-06,3.2851003835551235e-05
PRKDC,2.0,16.0,1.28261420715,1.58405901082e-06,3.3608452012838218e-05
ANKRD17,2.0,8.0,2.45449182621,1.85125591017e-06,3.828644714859775e-05
P4HB,2.0,15.0,1.66749675917,1.86469734738e-06,3.828644714859775e-05
SDC4,2.0,15.0,1.7291681248,2.22022551772e-06,4.486265212799261e-05
SUMO2,2.0,13.0,1.77345523355,3.61332349338e-06,7.1871262610438702e-05
LMNA,2.0,30.0,1.14440127621,4.29511995784e-06,8.4118272405055662e-05
PCYT1A,2.0,40.0,0.942698428102,4.45589717406e-06,8.5944804584528562e-05
DDX27,2.0,14.0,0.831283190986,5.06765103393e-06,9.6285369644625988e-05
GLUD1,-2.0,7.0,-2.54996871189,5.27061924157e-06,9.8669092566393163e-05
PRDX2,2.0,16.0,1.67027501291,5.37526216431e-06,9.9169691813965624e-05
RSL1D1,2.0,7.0,1.27102467859,5.56546144644e-06,0.00010121189173313093
PPM1G,2.0,6.0,2.18375313109,5.79023398771e-06,0.0001038164488219123
GDI2,2.0,21.0,1.50541134441,6.1541889733e-06,0.00010880948004179852
DLAT,2.0,6.0,1.69865060029,8.2005185236e-06,0.00014300356274722349
TXNDC5,2.0,8.0,1.79545380365,8.50192157815e-06,0.00014625602931066979
P4HA1,2.0,6.0,1.5240458993,9.22828566368e-06,0.00015663476866487297
AP1B1,2.0,5.0,2.75148320992,9.93982464745e-06,0.00016649206284475017
SLC25A10,2.0,13.0,1.24051584438,1.17926654726e-05,0.00019496185904738304
ASNA1,2.0,21.0,1.22375501108,1.28442840855e-05,0.00020701835716738156
ATIC,2.0,5.0,2.71561341223,1.30097946374e-05,0.00020701835716738156
AIM1,2.0,8.0,2.39572274548,1.28704636819e-05,0.00020701835716738156
POLR2H,2.0,48.0,0.903129780371,1.31779664177e-05,0.00020710557098465031
OPTN,2.0,12.0,1.71489259362,1.34383072341e-05,0.00020862152571903239
ANXA1,2.0,7.0,2.11953857347,1.44207202338e-05,0.00022117562479123101
SNX3,2.0,5.0,2.71801826865,1.48858878922e-05,0.00022293806219790774
PTRH2,2.0,16.0,1.66123417231,1.4763260997e-05,0.00022293806219790774
PARN,2.0,8.0,2.04697607461,1.52361575636e-05,0.00022553056486612926
GSPT1,2.0,7.0,1.66086174793,1.63625455755e-05,0.00023759119278032658
CDC73,2.0,17.0,0.734313825165,1.64242144263e-05,0.00023759119278032658
HELZ2,2.0,14.0,1.2170226154,1.82246718576e-05,0.00026067423904224793
GTPBP4,2.0,21.0,0.903923550387,2.12466316443e-05,0.00030052180092483176
CHMP1A,2.0,5.0,2.76157926889,2.15701097077e-05,0.00030174450173583398
RAB1B,2.0,9.0,1.58644021531,2.18918643192e-05,0.00030291677476429794
CLPTM1L,2.0,24.0,1.29734342634,2.24369518729e-05,0.00030712085735736601
DNAJB1,2.0,24.0,1.24879614245,2.56918662059e-05,0.00034583660939098638
TK1,2.0,9.0,1.41547999327,2.58087021934e-05,0.00034583660939098638
KPNA6,2.0,11.0,1.52830211162,2.7175397376e-05,0.0003603570922878294
EPRS,2.0,21.0,1.07353361434,2.9238863661e-05,0.00038372240660222294
DBT,2.0,7.0,2.03202783363,3.13097276342e-05,0.00040670697222852626
HMGB1,2.0,6.0,2.56259236678,3.21219738517e-05,0.00041304315871971921
PA2G4,2.0,7.0,2.24090675883,3.31900643762e-05,0.00042250951950846007
VDAC3,2.0,15.0,1.66544409913,3.41097426666e-05,0.00042663415871098582
PPOX,2.0,20.0,1.34800718953,3.41843552149e-05,0.00042663415871098582
PRDX6,2.0,21.0,1.35338656569,3.66236696218e-05,0.00045264011095685436
CASC3,2.0,9.0,1.62886867459,3.81882711169e-05,0.00046743912626702358
AASDHPPT,-2.0,5.0,-2.30058789052,4.04813654291e-05,0.00048161474945074783
PRKACA,2.0,24.0,1.24133798932,3.99060239724e-05,0.00048161474945074783
SYNCRIP,2.0,6.0,2.40653948775,4.0458108284e-05,0.00048161474945074783
RRAGC,2.0,22.0,1.23044788115,4.26811168786e-05,0.00050308390543013775
CUL5,-2.0,5.0,-2.39704784443,4.41008848235e-05,0.00051504978330559623
DNAJC11,2.0,6.0,2.30361203185,4.45475696154e-05,0.00051553687382163357
ACAP2,2.0,41.0,0.810967690486,5.03540357255e-05,0.00057748367097756707
SLC25A3,2.0,5.0,2.41499720872,5.25078886439e-05,0.00059680841289025584
S100A13,2.0,30.0,1.14775171116,6.61860652461e-05,0.00073907772858139399
CHMP4B,2.0,14.0,1.21894800745,6.56498104411e-05,0.00073907772858139399
STUB1,2.0,7.0,1.62694075885,6.72421977764e-05,0.00074434189364656195
CDC37,2.0,23.0,1.19842350932,6.97404756854e-05,0.00076025149427461558
KIAA0020,2.0,10.0,1.34048022971,6.98738608249e-05,0.00076025149427461558
TRA2B,2.0,40.0,0.667497718346,7.24133650432e-05,0.00077883074453342395
ERC1,2.0,28.0,0.944331532022,7.28050735267e-05,0.00077883074453342395
C8orf82,2.0,59.0,0.914773890855,7.61582336508e-05,0.00080791192864567481
DCAF13,2.0,45.0,0.560259224634,7.90432951445e-05,0.00083158772494968444
RAB6A,2.0,13.0,1.64395864514,8.27313204382e-05,0.00086325385998237895
EMD,2.0,15.0,1.38697497315,8.40177674795e-05,0.00086954973984829152
U2AF2,2.0,9.0,1.08377608495,8.50583081181e-05,0.00087321956640552345
MRPL46,2.0,10.0,1.17656324416,8.67026304658e-05,0.00088297958866390689
RPS6KB1,2.0,15.0,1.52366081901,8.88126691768e-05,0.00089728990366695345
PARP1,2.0,22.0,1.17337752754,9.17033193324e-05,0.000919199413465312
RRP1B,2.0,8.0,1.40048980657,9.26627082729e-05,0.00092155959087021394
HNRNPA2B1,2.0,8.0,1.54191703673,9.93206024612e-05,0.00098011726304726731
CYCS,2.0,7.0,2.2088557521,0.000100732989923,0.00098640843209590466
LETM1,2.0,15.0,1.30164941202,0.000102606282443,0.0009970824240427814
RAP2B,2.0,25.0,1.10007420041,0.000105705911202,0.0010194214012094001
SLC25A19,2.0,16.0,1.46530124463,0.000111786192146,0.0010619688253834718
POLB,2.0,17.0,1.2046055715,0.000111022158323,0.0010619688253834718
C19orf66,2.0,17.0,1.36396306337,0.000120567507886,0.0011369069447335447
SEPHS1,2.0,11.0,1.67928486385,0.000126440314111,0.0011835185284031747
LTBP4,2.0,7.0,1.20192652779,0.000132700190967,0.0012330463000094379
ERBB2,2.0,20.0,1.14840472162,0.000133805734699,0.0012343094222602884
PGLS,2.0,19.0,1.46287374809,0.000134925438404,0.0012356840509935409
EPS15,2.0,11.0,1.00333859947,0.000138393972101,0.0012583966177493956
SUPT5H,2.0,14.0,0.90701763714,0.000155657423967,0.0014053326291485039
USO1,2.0,7.0,2.10014491277,0.000164155020762,0.0014716150804958803
BOP1,2.0,81.0,0.626083865539,0.000167041790665,0.0014870223742392858
RAE1,2.0,29.0,0.904511635674,0.000172958539299,0.0015290015314412232
STX16,2.0,24.0,1.12181367774,0.000177792503556,0.0015502045001861381
DHX9,2.0,15.0,0.52791931286,0.000176635590844,0.0015502045001861381
DNM2,2.0,21.0,1.22127407679,0.000193829781773,0.0016785395387522157
UBAP2L,2.0,27.0,1.04328659129,0.00020237972623,0.0017407391316934182
FTSJ3,2.0,13.0,0.897107335561,0.000223441799948,0.001883717955856342
NDUFC2,2.0,21.0,0.772378889964,0.000222853421863,0.001883717955856342
DLG1,2.0,39.0,0.842133382345,0.000223429421686,0.001883717955856342
HNRNPUL1,2.0,6.0,2.18710350618,0.00022936134266,0.0019209012447806077
UQCRFS1,2.0,18.0,0.637354489623,0.000234080828624,0.0019281481364984766
DDA1,2.0,19.0,1.30903138171,0.000236201522348,0.0019281481364984766
SIN3A,2.0,6.0,1.61984641405,0.000237799888005,0.0019281481364984766
M6PR,2.0,15.0,1.4012977744,0.000234899630851,0.0019281481364984766
IGF2BP2,2.0,47.0,0.903779019505,0.000237055843688,0.0019281481364984766
CYC1,2.0,80.0,0.355319289369,0.000241514047141,0.0019458695063949629
LRPPRC,2.0,9.0,1.01937998971,0.000255805326664,0.0020480514518469647
PUS7,2.0,15.0,1.29021415946,0.000261075343581,0.002064278958874326
DNAJC9,2.0,8.0,1.90950437385,0.000260484866161,0.002064278958874326
CEP170,2.0,23.0,1.12591069509,0.000264884678226,0.0020814703418617652
MXRA7,2.0,11.0,1.58137038631,0.000292684616937,0.0022858129899431066
DHFR,-2.0,5.0,-2.30458149831,0.000297869559434,0.0023121216412144529
TIMP1,2.0,6.0,1.89742585206,0.000309426504668,0.0023872723663167887
ECHS1,2.0,8.0,1.85359407225,0.000311794120901,0.0023910476861839221
REPIN1,2.0,18.0,1.20135224343,0.000318370245836,0.0023981380056176892
DLAT,-2.0,5.0,-1.51318159492,0.000316741176765,0.0023981380056176892
PES1,2.0,5.0,1.04211362273,0.000316742254441,0.0023981380056176892
TRIP13,2.0,20.0,1.03822233781,0.000325821237132,0.0024398260874659151
CAP1,2.0,15.0,1.11812705129,0.000332446543505,0.0024748798238742094
ICAM1,2.0,10.0,1.46985788427,0.000334800848758,0.0024779155841194605
GRHL2,2.0,54.0,0.808752905559,0.000337459590833,0.0024831564111552633
TBCD,2.0,16.0,1.02214313973,0.000340405004336,0.0024904343133327613
APOA1BP,2.0,22.0,1.15458117064,0.000362939889452,0.0026401284529846106
CCT2,2.0,14.0,0.781753315969,0.00037035213628,0.0026787401675279756
DDX55,2.0,8.0,1.72652286049,0.000381058766475,0.002740609094476586
TRIM24,2.0,24.0,0.873032144806,0.000383776387025,0.0027446479813614854
ADPGK,2.0,6.0,1.73282008264,0.000386208743118,0.0027466130166995924
ARHGAP12,2.0,7.0,1.97922866006,0.000391512175701,0.002768861109264309
EEF2,2.0,5.0,2.41133562305,0.000413976752888,0.0029115602564972311
HM13,2.0,17.0,1.18756626529,0.000418167927128,0.0029248778639256244
ABCF3,2.0,49.0,0.792748287074,0.000428993488849,0.0029679821266575014
RBM33,2.0,22.0,1.13070310157,0.000428722916721,0.0029679821266575014
KLC4,2.0,18.0,1.24339548746,0.000462772968745,0.0031843783200650377
GRB7,2.0,20.0,1.07786660362,0.000466914526908,0.0031956031868492149
GMPS,2.0,30.0,0.664670427865,0.000482147778608,0.0032822145570489515
DDX39A,2.0,19.0,1.07221456142,0.000493270828419,0.0033400732158367476
DIS3,2.0,8.0,1.58486856706,0.000502282619835,0.0033830993388853023
RRM2B,2.0,55.0,0.754243848925,0.000510593028538,0.0034209732912067123
TMEM126A,2.0,15.0,1.17663085995,0.000515607253983,0.0034364818550772632
DNAJB11,2.0,48.0,0.608406626701,0.000532090162961,0.0035095895204601325
SNX7,2.0,5.0,2.20123064282,0.000529811013289,0.0035095895204601325
PAK4,2.0,19.0,0.883470407905,0.000536670296639,0.00352155302897865
C16orf58,2.0,5.0,2.00989731334,0.000552385111928,0.0036060833204349051
ITGB4,2.0,18.0,1.15440197583,0.000561152692152,0.0036446294750512309
ATP6V1A,2.0,11.0,1.34363007135,0.00057242205428,0.0036924732142232055
CSDE1,2.0,5.0,2.3207679197,0.00057432026427,0.0036924732142232055
CERS2,2.0,14.0,1.04130823042,0.000612780517826,0.0039199477346380423
PYCRL,2.0,56.0,0.644152020762,0.000627097642517,0.0039914764946236692
SMAP2,2.0,21.0,1.00929285474,0.000669980197084,0.0042432079148640956
APOE,2.0,5.0,1.54922779437,0.000682781443766,0.0043028751381908228
CALR,2.0,24.0,0.930434119918,0.000708069997599,0.0044184956222718483
RBM45,2.0,14.0,1.32705174928,0.000706272506738,0.0044184956222718483
NSUN4,2.0,16.0,1.27912609045,0.000724559768903,0.0044834024717196946
REXO2,2.0,7.0,1.8765559822,0.000725515246798,0.0044834024717196946
RTF1,-2.0,6.0,-1.61596770472,0.00077940731612,0.0047931667315034131
ERCC4,2.0,7.0,1.58889833767,0.000827128610826,0.0050621861614515264
AIDA,2.0,17.0,1.11225498775,0.000831492103482,0.0050645428121188808
METTL3,2.0,8.0,1.4455073239,0.0008574782136,0.0051979512662505998
MTA1,2.0,9.0,1.42277161443,0.000873002596805,0.0052669777522881128
GATAD2B,2.0,30.0,0.782071469898,0.000882000471502,0.0052961632085930946
EIF4A3,2.0,15.0,1.08729551311,0.000907975413769,0.0054265385057650703
HNRNPL,2.0,20.0,0.625510978695,0.000922778559453,0.0054722657516217627
CDH1,-2.0,6.0,-1.44828354853,0.000924223987902,0.0054722657516217627
MTDH,2.0,55.0,0.731680779913,0.000944074687277,0.0055639216523287972
PCNP,2.0,7.0,1.3742286959,0.000965568999234,0.0056411436893130246
DDX49,2.0,16.0,0.995156817064,0.000966040317573,0.0056411436893130246
YWHAE,2.0,7.0,1.60390123717,0.000974642991154,0.0056460132543201553
SLC4A2,2.0,17.0,1.20897357724,0.00097574463154,0.0056460132543201553
USP7,2.0,5.0,2.22249636768,0.000991546393925,0.0057114866944205931
FOXJ3,2.0,17.0,1.1941451258,0.00100545822699,0.0057655329863180215
TM9SF2,2.0,7.0,1.66858773861,0.00101984188564,0.005821787983925541
WBP11,2.0,14.0,1.1316715593,0.00102985285647,0.0058285885110511909
ZFR,2.0,17.0,0.849021679833,0.00103019042811,0.0058285885110511909
HSPA5,2.0,5.0,1.76667340418,0.00103636128782,0.005837557165440827
DDX47,2.0,14.0,0.705299864579,0.00105285874622,0.0059043576384803041
ETNK1,2.0,12.0,1.41584759938,0.00106025340636,0.0059197481854826005
MROH1,2.0,58.0,0.603994314624,0.00106746071346,0.005933962830724609
SSB,2.0,9.0,1.50137808055,0.00110847279419,0.006108596826839471
DSP,2.0,20.0,0.867195286382,0.00110728197524,0.006108596826839471
KIAA0020,-2.0,7.0,-1.33541777252,0.00112372975268,0.0061659826515374173
SSR1,2.0,20.0,0.783045524507,0.00113458732364,0.0061988397553551702
DFFA,2.0,6.0,1.70938862988,0.00114283788523,0.0062172334525600727
S100A16,2.0,32.0,0.707157978047,0.00121963976927,0.0066068145799416797
DDI2,2.0,5.0,2.04734564263,0.00126925948791,0.0068464717292605936
C1orf50,2.0,16.0,1.25941475028,0.00129296796495,0.0069449291956842187
PDCD5,2.0,15.0,1.15330748151,0.00131851085305,0.0070523710753640292
SF3B1,2.0,5.0,0.498796574928,0.00133490963655,0.0070805831971804851
IRF2BP2,2.0,29.0,0.912752083454,0.00133472171979,0.0070805831971804851
ZNF428,2.0,6.0,1.96201999727,0.00134674512731,0.0071137201123144603
HIST1H1D,2.0,13.0,-0.665567646291,0.00138062779854,0.0072625586261959472
RFX1,2.0,28.0,0.936555418412,0.0014207137911,0.0074426693665554638
XPO1,2.0,8.0,1.53346860883,0.00147451102349,0.0076928382496207291
EVPL,2.0,15.0,1.16160349462,0.00157773458269,0.0081977800969946068
PPL,2.0,5.0,1.49263323822,0.00161894028747,0.0083776869347413907
NUCKS1,2.0,12.0,1.33395796084,0.00166351182316,0.0085734840116527856
CHAMP1,-2.0,7.0,-1.18034515436,0.00167989701919,0.008623019779978737
TWISTNB,2.0,6.0,1.86289111406,0.00169418133407,0.0086614170211658272
HDGF,2.0,24.0,0.976357648451,0.00170485547546,0.0086811240810264964
CAD,2.0,6.0,1.74284634728,0.00175065732306,0.0088788317619537642
HCFC1,2.0,13.0,0.672595260423,0.00178111271752,0.0089618833573370457
DNAJA3,2.0,7.0,1.62099798573,0.00177542001155,0.0089618833573370457
DIEXF,2.0,10.0,1.17814867223,0.00181150405624,0.0090475558964057522
ANP32A,2.0,5.0,2.06893496049,0.00181235408765,0.0090475558964057522
LSR,2.0,17.0,1.15136211459,0.00185819886862,0.0092401842177729458
ATP5I,2.0,12.0,0.901706158242,0.00187611973913,0.009292997773962872
KPNA2,2.0,9.0,0.855031938196,0.00190716554145,0.0093377759010296758
LRRC47,2.0,8.0,1.46201790813,0.00189834612936,0.0093377759010296758
PLEKHA2,2.0,10.0,1.17314916519,0.00190410523774,0.0093377759010296758
PRPF3,2.0,31.0,0.851297943161,0.00195183680767,0.0095198783760845496
AHNAK,2.0,6.0,1.59387231389,0.00196986054733,0.0095711163234645288
SERPINH1,2.0,11.0,0.509589449167,0.00197861155289,0.009577081775037851
TACC1,2.0,12.0,1.08743034349,0.00203861455636,0.0098301376145852604
LSM14A,2.0,14.0,1.18755439256,0.00205983986,0.0098950043085876491
KNOP1,2.0,7.0,1.51782276243,0.00220999955769,0.010576426454669684
ILF3,2.0,20.0,0.694135691578,0.00234388950498,0.011175173557470646
F11R,2.0,21.0,0.911058531994,0.00238633970639,0.011335113605352514
NBN,2.0,37.0,0.736561493786,0.0024843253178,0.011756677061563362
PYCR1,2.0,14.0,1.14590611292,0.00250846735164,0.011826959032004751
HNRNPD,-2.0,6.0,-1.74717673776,0.00253168723587,0.011892390595072829
PARS2,2.0,11.0,1.34594807074,0.00257095654027,0.012032454690311806
CLTC,2.0,16.0,1.17535821581,0.00266214137439,0.012413574980196702
SNX33,2.0,6.0,1.77430891118,0.00268163530593,0.012458838483400361
TMEM87A,-2.0,7.0,-1.47279118086,0.00272550468608,0.012616608964994456
SRSF9,2.0,5.0,1.68873855423,0.00273559446392,0.012617433886107463
RALY,2.0,17.0,0.901918998633,0.00275824477206,0.012675976876650029
VWA1,2.0,7.0,1.10053384421,0.00285478678528,0.013072458912457036
XRCC1,2.0,6.0,1.03513382566,0.00296281736674,0.013518517949335717
SMARCC2,2.0,5.0,1.25832114765,0.00297356967558,0.013519122132174811
AKT1,2.0,7.0,1.68672368366,0.00299673818775,0.013575970508922537
RBM34,2.0,27.0,0.756063153515,0.00309822002675,0.013985936503754374
HSP90B1,2.0,7.0,1.20769919886,0.00318709712911,0.014185925333427583
LRCH3,2.0,26.0,0.913083014285,0.00318454721341,0.014185925333427583
MFGE8,2.0,11.0,1.22679524829,0.0031746116487,0.014185925333427583
ACTN4,2.0,19.0,1.10287277792,0.00316084536425,0.014185925333427583
TOMM40,2.0,6.0,1.3740612181,0.00323438231917,0.014346232377349485
PICALM,2.0,11.0,1.00870844217,0.0033020512014,0.014595524928418483
HSPD1,2.0,9.0,0.820834515019,0.00338441929038,0.014856433643615396
ZNF687,2.0,34.0,0.746762226536,0.003381102286,0.014856433643615396
GNB2,2.0,13.0,1.19790453758,0.00343737037819,0.015002135882913869
CHMP1A,-2.0,8.0,-1.53908695885,0.00344118120802,0.015002135882913869
C21orf33,2.0,9.0,1.44100389628,0.0034781352249,0.015111488536842566
SNX29,2.0,6.0,1.73782024146,0.00359294507165,0.015557207742196114
NOP14,2.0,9.0,1.08727646743,0.00364337004397,0.015722068020260709
EIF3G,2.0,17.0,0.927173934466,0.00369417347299,0.015887441997019951
PROSC,2.0,6.0,1.52234472764,0.0037328911691,0.015999900532872108
TM9SF4,2.0,18.0,1.03290668979,0.00404363238762,0.017273637682670311
BRAF,2.0,19.0,1.01796684578,0.00422788955506,0.018000345831411635
SF3B2,2.0,8.0,0.730535100079,0.00432773935295,0.018364040654352317
U2AF1,2.0,5.0,1.59623873508,0.00462959373576,0.019579643938954255
PROCR,2.0,8.0,1.24456443256,0.00474257960517,0.019991072309212144
UCHL3,2.0,5.0,1.87841296145,0.00479051198981,0.02012647446544508
ALDH5A1,2.0,24.0,0.899001363217,0.00485705329702,0.020338910681255668
IARS2,2.0,21.0,0.816494092651,0.00497214099828,0.020752575379690521
CREG1,2.0,13.0,1.15614228054,0.00499591930162,0.0207836773561033
ECSIT,2.0,12.0,0.968639682749,0.00506758699715,0.020944929374585967
EXOSC10,2.0,5.0,0.813955619256,0.00505399240004,0.020944929374585967
EI24,2.0,5.0,1.73976213743,0.00520825800165,0.021456674550497535
RRP15,2.0,20.0,0.956158833485,0.00523454206885,0.021495393721436426
FCHO2,-2.0,10.0,-1.08615172971,0.00526825012729,0.021564252128751512
MPP6,2.0,5.0,1.83152594027,0.00530651776368,0.021651272798595893
SARS2,2.0,20.0,0.753422777275,0.00541633440327,0.022028733850979764
SORBS3,-2.0,5.0,-0.383437243448,0.00558228491569,0.022631365279197593
SP3,2.0,9.0,1.1587165777,0.00563662983871,0.022710748349865459
DDX17,2.0,5.0,1.19927781466,0.00563754633037,0.022710748349865459
MFSD6,2.0,5.0,1.47117460331,0.00585573509255,0.023515302122458986
SLC35B2,2.0,7.0,1.41848243375,0.00588864344277,0.023573091517756238
FZD6,2.0,46.0,0.686837006641,0.00595992959134,0.023783668870783849
CDK11B,2.0,8.0,1.30277932924,0.00609507075754,0.024246953357348174
WIZ,2.0,21.0,0.617624336112,0.00611532340636,0.024251734256380525
RCC2,2.0,5.0,1.2433350945,0.00615206093204,0.024321657038765775
DNAJC16,2.0,6.0,1.66240622709,0.00623215874394,0.024562037402582521
GLOD4,2.0,7.0,1.45564133586,0.00629069489338,0.02471621789898058
CWC15,2.0,12.0,1.21575703567,0.00632156572079,0.024761086654030543
C19orf33,2.0,11.0,1.05255152238,0.00637476423197,0.024892867691096044
BASP1,2.0,17.0,0.891484661316,0.00657406216754,0.025592602872408599
DCUN1D5,2.0,11.0,1.14576753065,0.00670065028521,0.026005877478881379
HNRNPU,2.0,23.0,0.436761881187,0.00675205454768,0.026125730818218125
ERGIC2,2.0,16.0,0.927986585887,0.00677497800437,0.026134990907755132
NUF2,2.0,15.0,1.03567839609,0.00685022897418,0.026345442550227836
NUP155,2.0,14.0,0.573747217494,0.0070870980835,0.027174324880392214
SERBP1,2.0,5.0,1.01886289692,0.00718912242483,0.027482741281707017
SPINT2,2.0,20.0,0.812333251342,0.00751494737306,0.028590646883538986
LUC7L3,2.0,12.0,0.556516330897,0.00752385444304,0.028590646883538986
PDIA3,-2.0,6.0,-1.51828671468,0.00765437840533,0.029000070565423891
MRPL3,2.0,11.0,0.548282411466,0.00807718108996,0.030511132129118594
PDHX,2.0,9.0,1.21385538305,0.00818304103507,0.030819559874690226
TMEM63B,2.0,7.0,1.46570462256,0.0085369802226,0.032011429574373855
ZC3HC1,2.0,23.0,0.803854158777,0.0085497926593,0.032011429574373855
LAMTOR1,2.0,16.0,0.998884913319,0.00864322495904,0.032266350067050246
HNRNPA3,2.0,16.0,0.833699544056,0.00871591703161,0.032442580062107651
RPRD1B,2.0,16.0,0.865493979213,0.00905355946764,0.033503433727647941
SSR3,2.0,15.0,0.671212485961,0.00903338464708,0.033503433727647941
PRPF6,2.0,17.0,0.394901283386,0.00919380388779,0.033923803910604629
GTF2I,2.0,9.0,0.981933832381,0.00932888632497,0.03432275228809914
UTP18,2.0,10.0,0.715271750882,0.00971798409888,0.035651278841122021
RBCK1,2.0,16.0,0.869604479811,0.00991561278757,0.036064500224502923
THEM6,2.0,81.0,0.502854980066,0.00990383386753,0.036064500224502923
ADD1,2.0,12.0,0.809307846334,0.00986560769199,0.036064500224502923
DDAH1,2.0,7.0,1.54693283058,0.0101541103905,0.036826730846331014
CD44,2.0,5.0,1.38763446775,0.0102670764276,0.037130648557644821
ATP6V1H,2.0,27.0,0.657404911884,0.0104364121552,0.037636126553989846
GOLGB1,2.0,9.0,0.974495520128,0.0105451358812,0.03777743685322265
SERPINB1,2.0,21.0,0.873776944608,0.0105646249173,0.03777743685322265
PRPF4B,2.0,21.0,0.741456856591,0.0105194741736,0.03777743685322265
SRFBP1,2.0,5.0,1.63732728142,0.0111230729405,0.039662946367491701
SRPRB,2.0,13.0,0.704785672375,0.0111611645127,0.039687604538093918
PDP1,2.0,43.0,0.595408339307,0.0116556122532,0.041330346513584332
NOP2,2.0,22.0,0.408267426641,0.0117698935491,0.04161965135565155
TPI1,2.0,24.0,0.777616966575,0.0118111168089,0.041649727694694001
CTSA,2.0,19.0,0.844961732877,0.0119126513695,0.041891727053642962
BRD4,2.0,22.0,0.532311843849,0.012118529968,0.042462106166978021
NOL6,2.0,5.0,0.942658141885,0.0121415606008,0.042462106166978021
GADD45GIP1,2.0,18.0,0.523248498021,0.0122979796009,0.042774120305790968
TRMT1,2.0,28.0,0.570113027084,0.0122894791532,0.042774120305790968
LAMA3,2.0,11.0,0.921071465214,0.0123890893649,0.042973598805324094
CUL7,2.0,8.0,1.06710253874,0.012557264668,0.043438581310618687
EED,2.0,9.0,0.900955742591,0.0125952820395,0.043452016358433231
CBX3,2.0,8.0,1.23505965143,0.0130513282119,0.044903623820862285
PPAN,2.0,14.0,0.649539396995,0.0132693369841,0.045530636066718845
PSMD2,2.0,48.0,0.387560299925,0.0134868850585,0.046096401964866668
CTIF,2.0,5.0,1.56918115021,0.013506644095,0.046096401964866668
NAA50,2.0,11.0,1.12751936228,0.0136486744079,0.046456584281569936
PNPT1,2.0,8.0,1.21922873195,0.0137041017867,0.046520857531941115
MAP2K7,2.0,6.0,1.3048942257,0.0137972922888,0.046712641179856129
FLOT2,2.0,11.0,0.769078686206,0.0141479217335,0.047772690627884216
MED17,2.0,8.0,1.28129925541,0.0144580752595,0.048690819590737053
WNK1,2.0,29.0,0.659451304698,0.014605748478,0.049058358344261532
DNTTIP2,2.0,6.0,0.901109342202,0.0147345825481,0.049360851536287477
CMPK2,2.0,5.0,0.720085485768,0.0149869682984,0.050074568619172706
KRI1,2.0,20.0,0.841372804862,0.0153465698886,0.051008311927440229
RNASEH2A,2.0,16.0,0.771773974574,0.0153108835659,0.051008311927440229
ERGIC1,2.0,7.0,1.36508882839,0.0154032719603,0.051063451055738819
SMARCA4,2.0,15.0,0.685012567683,0.016020222527,0.052833531805413683
FNDC3B,2.0,44.0,0.480102579481,0.015993463058,0.052833531805413683
DDHD2,2.0,10.0,1.10130673846,0.0162258406967,0.053373372627702101
YLPM1,2.0,5.0,1.08361572756,0.0163163422487,0.053532741450012876
IFT52,2.0,5.0,1.05369908079,0.0164048005096,0.053684604238434491
HEATR1,2.0,22.0,0.25119104228,0.0165158118423,0.053771428325554781
MTM1,2.0,9.0,1.15853026721,0.016476518635,0.053771428325554781
SDCBP,2.0,25.0,0.731137436817,0.0166534845764,0.054081341494128958
STAT1,2.0,10.0,0.355636692671,0.0169142341798,0.054788346337990658
IDH3B,2.0,15.0,0.386066414268,0.0169864832443,0.054882723781585666
ELAVL1,2.0,6.0,0.89077420237,0.0173186273861,0.055814209272043142
USP18,2.0,6.0,0.87157085812,0.0175372788274,0.05637615138193159
DDT,2.0,5.0,1.44140629452,0.0181044363446,0.058052764399764499
PDSS2,2.0,7.0,1.10163276219,0.0183345287345,0.058495877391000276
ACAT1,-2.0,6.0,-1.24583688658,0.0183141702356,0.058495877391000276
TRMT6,2.0,12.0,0.728700305401,0.0186453427824,0.059338803404871861
ACOT13,2.0,24.0,0.751361691275,0.0188291127703,0.059709149967491611
GPATCH1,2.0,10.0,0.867571274068,0.0188555210424,0.059709149967491611
DDX10,2.0,6.0,1.23320178344,0.0189628990827,0.059900175018195244
RASA2,2.0,9.0,1.14186263383,0.0195022972234,0.061451545458973467
EHD1,2.0,5.0,1.49799331993,0.0195612528791,0.061485123247157061
PDS5B,2.0,5.0,1.5147564211,0.0196911497859,0.061740969648931533
MCUR1,2.0,20.0,0.776704615939,0.0202019168213,0.063031961062626526
NDUFB9,2.0,88.0,0.265602215271,0.0201906223739,0.063031961062626526
TPP2,2.0,8.0,1.07651820872,0.0203178521939,0.063238693992268127
GTF2E2,-2.0,10.0,-1.06843464496,0.0204804251881,0.063589222596214662
RPL24,2.0,6.0,0.819784553127,0.020677121116,0.064043735232887991
WDR91,2.0,22.0,0.641493790561,0.0207848909845,0.064221277240793281
SUPT4H1,2.0,8.0,1.07641640383,0.0211413118289,0.065164382465338455
PTK7,2.0,13.0,0.672110360304,0.0215985700749,0.066412994457441005
JUNB,2.0,12.0,0.980380903682,0.0217817326162,0.066814808724035391
SF3A3,2.0,20.0,0.505257975566,0.0219986500787,0.067317984495664535
SDF2L1,2.0,9.0,1.09401488022,0.022429890713,0.068473023687515025
MIEN1,2.0,20.0,0.758199343992,0.0226800104938,0.069070941049344567
GNL1,2.0,16.0,0.857067926058,0.0227851807314,0.069225620694612217
NCOA5,2.0,7.0,0.790782592662,0.0230524213297,0.069704827441083653
NAA38,2.0,16.0,0.72835171231,0.0230268048891,0.069704827441083653
NUP133,2.0,26.0,0.515338611162,0.0232420171153,0.070111582435362002
SDHA,2.0,28.0,0.435640214094,0.0233279441246,0.070204427590087604
NXF1,2.0,5.0,1.12349876449,0.0235638403352,0.070747096100766085
EHD4,-2.0,6.0,-1.166071623,0.0238894110081,0.071387840876256409
PPIC,2.0,5.0,1.29866781632,0.023833386542,0.071387840876256409
RPL23,2.0,9.0,0.998865555712,0.0244207827386,0.072705695805179549
TRIM28,2.0,5.0,1.2922530125,0.0244446487075,0.072705695805179549
RPL18A,2.0,15.0,-0.354511322971,0.0247808952219,0.073362975854579418
NDUFA10,2.0,6.0,0.513246853735,0.0247347031343,0.073362975854579418
CCDC132,2.0,13.0,0.822587157964,0.025113031302,0.074002057517227257
TTC26,2.0,11.0,0.660713843186,0.0250771542243,0.074002057517227257
KIAA1524,2.0,6.0,1.31748478542,0.025370118959,0.074415118513433701
RNF213,2.0,14.0,0.585733364892,0.0253297697084,0.074415118513433701
SPG7,-2.0,8.0,-1.11610107437,0.0255707222054,0.074831101994067631
INADL,2.0,12.0,0.768518363381,0.0266316541123,0.077757100194860554
GPC1,2.0,5.0,1.13215646975,0.0272233190436,0.079302711996626404
TINAGL1,2.0,6.0,0.82112890573,0.0276405852215,0.080334394947497487
PRMT5,2.0,7.0,1.09654079455,0.0279850101746,0.081150154788642154
PLOD1,2.0,5.0,0.829261989262,0.0281830860857,0.081538792243433481
DSC2,2.0,12.0,0.787802165188,0.0283077683895,0.081713807618691223
HLTF,2.0,28.0,0.589154817375,0.0288307431201,0.083035149303026037
ASCC1,2.0,7.0,1.22876210914,0.0295073930823,0.084792125042320504
UNC13D,2.0,17.0,-0.600160229581,0.029771524268,0.085358446831501761
SNRPA1,2.0,19.0,0.46954361217,0.0301730020235,0.086315127136790987
ATP6V1C1,2.0,57.0,0.439728334988,0.0302614721338,0.086374112166523853
REEP4,-2.0,6.0,-1.05074932062,0.0310007337624,0.088286205994466543
ARL6IP1,2.0,11.0,1.02550783518,0.031318770625,0.08879464366515552
COX6B1,2.0,19.0,0.623109565579,0.0312818010292,0.08879464366515552
SIRPA,2.0,16.0,0.467984096561,0.0315241181073,0.089178227445789363
TJAP1,2.0,9.0,1.15982138517,0.0316657837599,0.089226139870988957
VEZF1,2.0,7.0,1.224521012,0.031681237409,0.089226139870988957
UBE2C,2.0,5.0,0.668226944903,0.031978822478,0.089667491221220988
CUL5,2.0,7.0,1.09923847292,0.0319240606859,0.089667491221220988
ALDH1A3,2.0,14.0,0.423307145467,0.0320810027169,0.089756299908927611
CPSF6,2.0,12.0,0.799812718825,0.0322084731323,0.08991532082756
IFI16,2.0,8.0,0.746714870998,0.0324696626026,0.090446127993565439
NADK,2.0,5.0,1.09506071738,0.0327300830977,0.090576947355202858
RPL17,-2.0,5.0,-0.599601862195,0.0326698758194,0.090576947355202858
KHSRP,-2.0,5.0,-1.08213188756,0.0326765106326,0.090576947355202858
CKS1B,2.0,5.0,0.987340174653,0.0333417985168,0.092069651869639613
ATP2A2,2.0,7.0,0.937936175871,0.033926042104,0.093480198264865089
CHD2,2.0,13.0,0.821603221804,0.0347045842926,0.095418867828340137
SEC61A1,2.0,8.0,0.640288218257,0.0351266940782,0.096371296468737169
NFATC2,2.0,12.0,0.649423072888,0.0358600742741,0.098171773227779105
SLC20A2,2.0,9.0,0.872513894175,0.0362522441592,0.099032418057145355
RBBP4,2.0,14.0,0.880923754595,0.0365530588193,0.09942109627555884
FKBP4,2.0,27.0,0.612526185844,0.0366288249436,0.09942109627555884
NELFE,2.0,13.0,0.849990003623,0.0365200410904,0.09942109627555884
WHSC1L1,2.0,10.0,0.998856669457,0.0379397340332,0.10232474878008588
THOC5,2.0,5.0,1.29459369539,0.0378552825845,0.10232474878008588
TRMT10C,2.0,7.0,1.13250907933,0.0379168165559,0.10232474878008588
GAPDH,2.0,25.0,0.571213889604,0.0386609727443,0.10404951015542509
NFS1,2.0,14.0,0.604816469126,0.0392983416752,0.10503236409479928
C17orf62,2.0,7.0,0.841200279068,0.0391434714017,0.10503236409479928
BCAP31,2.0,8.0,0.969863809017,0.0393561961298,0.10503236409479928
S100P,2.0,6.0,1.04784322115,0.0392135987548,0.10503236409479928
ISG15,2.0,5.0,0.797852386931,0.0405805435423,0.10807328855500456
FILIP1L,2.0,6.0,-0.201027012493,0.041153828121,0.10917715214146576
MCCC1,2.0,49.0,0.496652343931,0.0411665616873,0.10917715214146576
TPX2,2.0,5.0,0.645372161833,0.0416758338355,0.11029799682454673
HMGA2,2.0,5.0,1.04937879379,0.0417823780164,0.11035055438760881
PANX1,2.0,11.0,0.917359334297,0.042617764559,0.11223879388026949
NUDT5,2.0,14.0,0.636991183242,0.0426736655444,0.11223879388026949
CCDC90B,2.0,15.0,0.651005059271,0.042906282593,0.11261793348645198
URI1,2.0,33.0,0.407321131892,0.0444927900935,0.11632879287798133
WDR12,2.0,5.0,-0.846812776975,0.0445028453508,0.11632879287798133
NDUFS5,2.0,22.0,0.366079223788,0.0446372921548,0.11644113301863541
CHRAC1,2.0,68.0,0.435242445136,0.0448867992807,0.11685254700263098
RNH1,-2.0,6.0,-1.07792881556,0.0450297486357,0.1169854490066517
RAB3IP,2.0,12.0,0.908369167947,0.0451824315321,0.11714304549968237
MLEC,2.0,6.0,0.915514948322,0.0452935998531,0.11719258661181139
ZNF24,2.0,6.0,1.07306083218,0.0454783732765,0.11743198616830736
GNB1,2.0,8.0,1.01821206155,0.045832275972,0.11810624962018836
RPN1,2.0,14.0,0.460758649288,0.0466474024365,0.11996392586183627
RSRC1,2.0,20.0,0.667800359069,0.047186447744,0.12100318116757354
PPP1CC,2.0,6.0,1.22616338298,0.0472416190419,0.12100318116757354
FANCI,2.0,9.0,0.590594887937,0.0479088155064,0.12230740484733518
EHMT2,2.0,9.0,0.775676977464,0.0479429654508,0.12230740484733518
HMGB2,-2.0,5.0,-1.27293797749,0.048087823916,0.12243159969019457
PCCB,2.0,19.0,0.488769347667,0.0483435236571,0.12283693735622939
ERAP1,-2.0,6.0,-1.2169621658,0.0490201816671,0.1240610164260073
DPYSL2,-2.0,13.0,-0.762103522996,0.0490091609555,0.1240610164260073
WHSC1,2.0,6.0,0.94189842011,0.049581612593,0.12523292228358227
DHPS,2.0,21.0,0.627878954036,0.0497323991581,0.12536503787773554
IDH3A,2.0,7.0,0.744541864761,0.0500846696708,0.12600352666193554
LAMA5,2.0,19.0,0.405306315713,0.0510084073436,0.12807436400080627
COPB2,2.0,21.0,0.384729430787,0.0518839508171,0.13001627832707383
POLD3,2.0,14.0,0.501500899433,0.0528829998632,0.13200011534486886
RBM39,2.0,17.0,0.347370418983,0.0527980622475,0.13200011534486886
HIST2H2AB,2.0,20.0,0.591637042684,0.0536908702073,0.13349312065208901
TUBB3,2.0,5.0,1.25869318542,0.053659694098,0.13349312065208901
NECAP1,2.0,18.0,0.678335262457,0.0538279629266,0.13357309318834756
RFC2,2.0,6.0,0.642322173029,0.0540098517236,0.13376369891866377
RPS5,2.0,5.0,0.787665137011,0.0544865446483,0.13468227444130279
ACP5,2.0,8.0,0.936542916864,0.0552622637088,0.13633500329718093
SART3,2.0,6.0,0.81999966086,0.0557790692629,0.1373438204480816
U2SURP,2.0,14.0,0.390718288766,0.0570518671095,0.14020661550274557
CHCHD1,2.0,5.0,-1.00156700678,0.0572789183868,0.14049337785432145
TSPYL5,2.0,42.0,0.489692285429,0.0581089883589,0.14198223067357124
DSG2,2.0,13.0,0.531161421854,0.0581034519292,0.14198223067357124
TIMM50,2.0,18.0,0.579693446899,0.0584836079797,0.14262381792756482
RBM12,2.0,11.0,0.388628480787,0.0597886981243,0.14552774897165463
BSDC1,2.0,12.0,0.8094624119,0.0601077760082,0.14602518866103728
MRE11A,2.0,12.0,0.573504136938,0.0603779932012,0.14612392651172068
PSMA5,2.0,6.0,0.881926020484,0.0603098844497,0.14612392651172068
GINS4,2.0,15.0,0.737487655618,0.0609623043798,0.14725809008631882
TRAPPC11,-2.0,7.0,-0.883067281494,0.0610926571234,0.14729347067808254
RPL19,2.0,9.0,0.536981843194,0.0612949233446,0.14750177205606668
MRC1,2.0,7.0,-0.705630575038,0.0614132678653,0.14750771696710108
TIMM44,2.0,6.0,0.853717797359,0.0617638424971,0.14807037947052484
PCID2,2.0,9.0,0.915803944404,0.0627805588653,0.15022490871339317
BRIX1,2.0,9.0,0.614186558909,0.0633210676856,0.15123399467871887
LGALS9,2.0,5.0,0.542353959443,0.064289659128,0.15325980537442471
AKR1C3,2.0,7.0,0.890292591714,0.0657830986679,0.15652688711081778
PFDN2,2.0,21.0,0.490821817589,0.0664165781234,0.1576182422256768
ATP1B3,2.0,19.0,0.669655079129,0.0664893920465,0.1576182422256768
FAM32A,2.0,18.0,0.666040642027,0.0672137789355,0.15876255234606074
MTX1,2.0,30.0,0.429023531708,0.0672215363036,0.15876255234606074
CD40,2.0,6.0,0.642169256858,0.0681560808771,0.16067164991945337
MALSU1,2.0,6.0,1.04348735686,0.0696607794048,0.16361286380489948
SPC24,2.0,5.0,0.589692816397,0.0696030556358,0.16361286380489948
RNF170,2.0,10.0,0.810847216648,0.0699684208447,0.16403278035967891
FOXP4,2.0,6.0,1.07880832305,0.0704909847232,0.16441174080834625
HIST1H1E,2.0,15.0,0.401384990845,0.0705175259084,0.16441174080834625
LOH12CR1,2.0,12.0,0.653128500293,0.070478519445,0.16441174080834625
SPG7,2.0,5.0,1.13709912158,0.0715246524638,0.16645499558769394
ZNF787,2.0,7.0,0.936966485685,0.0718584575996,0.16692667248962934
CRELD2,-2.0,23.0,-0.392685338239,0.07224783548,0.16728361850977794
MRPS27,-2.0,6.0,-0.654506399155,0.0722749333703,0.16728361850977794
EEF1E1,2.0,20.0,0.549435491753,0.0727190211813,0.16800601445333257
NSA2,-2.0,7.0,-0.84704249411,0.073305972034,0.16905525796960769
ARHGAP4,2.0,6.0,0.781877065709,0.0746355126978,0.1718101404417261
SLC27A1,2.0,19.0,0.650392805773,0.0751825809876,0.17275708591564701
NECAP2,2.0,6.0,0.978112063599,0.0767096267743,0.17594838717788586
EZH2,2.0,9.0,0.505464756054,0.0777097033845,0.17760224848926215
BTN3A3,2.0,9.0,-0.707715178269,0.0776826422311,0.17760224848926215
FAF2,2.0,6.0,0.960443886696,0.0788753309691,0.17962128143762152
UQCRC2,2.0,5.0,0.397754230544,0.0788628968812,0.17962128143762152
COX17,2.0,9.0,0.697779354551,0.0794984257547,0.18071695711748628
RBM4B,2.0,6.0,0.736471446378,0.0801751005911,0.18161458947629389
RPS24,2.0,14.0,0.704297757034,0.0801786325889,0.18161458947629389
MRPS18A,2.0,5.0,-0.601748145222,0.0806293414013,0.18231110409212831
DFNA5,2.0,5.0,1.16582935109,0.0817202769784,0.18390514559433255
NACC1,2.0,25.0,0.452046799857,0.0819064461933,0.18390514559433255
OSGEP,2.0,9.0,0.504937364964,0.0819121897502,0.18390514559433255
NOL7,2.0,19.0,0.582645804745,0.0817539736931,0.18390514559433255
COX7A2L,2.0,6.0,0.991978172201,0.0835040861143,0.1853004942804572
CNPY4,2.0,6.0,0.771345735511,0.0835526187879,0.1853004942804572
ZNF318,2.0,5.0,0.970870959219,0.08297922207,0.1853004942804572
ABCF1,2.0,18.0,0.619687284752,0.0828623484636,0.1853004942804572
ARID1B,-2.0,6.0,-0.916716436191,0.083375066021,0.1853004942804572
CLCC1,2.0,6.0,0.869249457854,0.0835273442727,0.1853004942804572
OSCP1,2.0,10.0,0.554141615893,0.0830714817059,0.1853004942804572
LTBP1,2.0,5.0,0.925254026217,0.0841489493811,0.18597502180935735
WDR3,2.0,9.0,0.39673384237,0.0840373007756,0.18597502180935735
NOP16,2.0,5.0,0.953948765328,0.0847231294762,0.18627382352893046
OSGEPL1,2.0,13.0,0.703055105959,0.0844574124619,0.18627382352893046
RBM14,2.0,9.0,0.31577702975,0.0846439683089,0.18627382352893046
MED20,2.0,12.0,0.705033637882,0.0849702420348,0.18649503122455183
MRPL48,2.0,18.0,0.586218176032,0.0852098555339,0.18669904663455014
C1orf198,2.0,25.0,0.459517236938,0.0857025544947,0.18745593105120881
PRRC2C,2.0,9.0,0.36776229052,0.0863212132273,0.18848525632658103
COPS4,-2.0,5.0,-1.05003130705,0.0870775869579,0.18890365363555525
PGGT1B,2.0,5.0,1.15031792582,0.0872073944473,0.18890365363555525
PPIL4,-2.0,5.0,-1.05995694963,0.0870954875825,0.18890365363555525
LSM7,-2.0,10.0,-0.653967159263,0.0871723115145,0.18890365363555525
SEPT5,2.0,7.0,1.09603709621,0.0872547905245,0.18890365363555525
ALYREF,2.0,12.0,0.593078432782,0.088887935036,0.1917870191538934
MAF1,2.0,70.0,0.379033809093,0.0887857209932,0.1917870191538934
MRPS28,2.0,16.0,0.542515375944,0.0898581445274,0.19355231469262735
EPCAM,2.0,9.0,0.737212047244,0.0910948227458,0.19588464418147603
PWP2,2.0,6.0,0.486500500638,0.0922352209637,0.19766908465795655
HIST1H3A,2.0,7.0,0.809731358418,0.0922333902133,0.19766908465795655
AKAP8L,2.0,23.0,0.494540632697,0.0937720449155,0.20028827714334596
POLR3E,2.0,5.0,1.04859899299,0.0936804591994,0.20028827714334596
C1orf131,2.0,19.0,0.578234713115,0.0944807507981,0.20146397950760886
CMAS,2.0,12.0,0.66962560892,0.0951342359417,0.20232854891278224
NARS,-2.0,8.0,-0.841622750166,0.0952040854664,0.20232854891278224
CNIH4,2.0,14.0,0.619998399351,0.0959389696201,0.20355051387738424
C19orf43,2.0,8.0,0.61904621853,0.096374972049,0.20413534013044474
LYN,2.0,12.0,0.455834865621,0.0969799788832,0.20507290159767691
EEF1B2,2.0,6.0,0.98534087331,0.0971397954936,0.20507290159767691
RAB3GAP2,2.0,21.0,0.503869616323,0.0976570919196,0.20548343473338535
RPS26,2.0,6.0,-0.714673994304,0.0976281500375,0.20548343473338535
RHBDF2,2.0,18.0,0.542954815849,0.0982100450674,0.20630591975376647
SNRPD1,2.0,5.0,0.978646521269,0.0992266385283,0.20809804093321696
IFT74,2.0,6.0,0.718710662896,0.0995052156085,0.20833904518026458
DNAJC2,2.0,14.0,0.585051072088,0.10006820813,0.20917377495904219
SMARCE1,2.0,6.0,0.461469727043,0.10023848294,0.20918621111808985
WDR26,2.0,19.0,0.47447613908,0.100659185817,0.2097203658665486
TPR,2.0,7.0,0.358286168517,0.102047520532,0.21226551247872347
TRMU,-2.0,7.0,-0.919438642364,0.102533564785,0.21292859375520512
MICU1,2.0,8.0,0.724289130005,0.104572722594,0.21680956980742302
VPS45,2.0,33.0,0.401952405741,0.105096634612,0.21754148920542693
RRS1,2.0,15.0,0.408616244231,0.105522468461,0.21806834797169203
C19orf53,2.0,16.0,0.43021899733,0.106017849944,0.21871867275938123
CRK,2.0,6.0,0.946055552523,0.106180785362,0.21871867275938123
RFX3,2.0,7.0,0.904633435388,0.106660616923,0.21935212494877843
TRMT61A,2.0,5.0,0.989661289441,0.107534619028,0.22043731082570678
MRPL15,2.0,8.0,0.222793873615,0.107497719609,0.22043731082570678
SLC4A1AP,2.0,5.0,0.909962360095,0.108140475038,0.22132286933116568
CRIPT,2.0,7.0,0.912304552854,0.112373868121,0.22961787177910639
MRPS22,2.0,9.0,0.31202733217,0.112931158076,0.229746742510683
FGFR1OP2,2.0,11.0,0.75056461166,0.113219536778,0.229746742510683
CS,2.0,5.0,0.885092926606,0.112864979219,0.229746742510683
PMPCB,2.0,13.0,0.501819074702,0.11333931995,0.229746742510683
PRELP,2.0,8.0,4.28589834907e-15,0.113115295369,0.229746742510683
HNRNPC,2.0,9.0,0.361082327147,0.114694549696,0.23175581232269366
S100A1,2.0,30.0,0.430867425378,0.114529738401,0.23175581232269366
AP3B1,-2.0,8.0,-0.768009506584,0.115444432559,0.23253285229109993
C2CD5,2.0,14.0,0.516052175627,0.115412578458,0.23253285229109993
ECI1,2.0,5.0,1.04827986396,0.117163851053,0.23562335290807612
ALDH1A1,2.0,7.0,0.789012130956,0.118329675261,0.23759254985278069
GPR108,2.0,5.0,0.974869109428,0.120725169191,0.24202069351189737
FAHD1,2.0,5.0,1.02751828437,0.122973274827,0.24613990386070153
PIP5K1C,2.0,5.0,1.00914022251,0.123235970052,0.24627847704186537
SRSF2,2.0,9.0,0.437851845456,0.124601405859,0.24822783984119229
PYCR2,2.0,20.0,0.515305078353,0.124558681034,0.24822783984119229
G3BP2,2.0,7.0,0.761346817983,0.125809196896,0.25024235570066861
RFC5,2.0,6.0,0.531746841592,0.126469884864,0.25077421680903283
USP36,2.0,6.0,0.830058473991,0.126470579098,0.25077421680903283
AQR,-2.0,7.0,-0.700376760973,0.128248896175,0.25390489087124968
PKP2,2.0,15.0,0.496064071815,0.129720359341,0.25641928174114148
DDX52,2.0,6.0,0.811299055314,0.129973593749,0.25652152688718854
OGDH,2.0,5.0,0.963663949776,0.130394955867,0.2569547659741514
MRPL37,2.0,5.0,0.29691871857,0.130744870158,0.25724608919801795
SPTBN1,2.0,9.0,0.419108597291,0.131673969763,0.25867432640133564
PSMA7,2.0,29.0,0.31527767786,0.133120550052,0.26111318985483056
CAPN1,2.0,7.0,0.789778368947,0.134702525878,0.26380971606503945
ZNF346,2.0,5.0,0.983425651111,0.135099644726,0.26418102570773933
CNBP,2.0,14.0,0.557794884461,0.136600504558,0.26629776769132624
PALM,-2.0,7.0,-0.684214941183,0.136531851581,0.26629776769132624
MBOAT2,2.0,6.0,0.851844006061,0.137425037893,0.26749552482758038
NDUFS2,2.0,19.0,0.2199978732,0.137907001042,0.26802383561370791
PDHB,2.0,7.0,0.444127019865,0.138417266095,0.26809393433825063
RAB32,-2.0,5.0,0.936008616005,0.138574869438,0.26809393433825063
PARP12,2.0,16.0,-0.394945138554,0.138192553185,0.26809393433825063
PSMD3,2.0,16.0,0.473418036726,0.139654546168,0.26828545236205592
NELFA,2.0,14.0,0.392357425693,0.139351600012,0.26828545236205592
ATP5A1,-2.0,6.0,-0.320587592149,0.139938366354,0.26828545236205592
BPNT1,2.0,21.0,0.495663826258,0.138995452395,0.26828545236205592
YIPF3,2.0,6.0,-0.670387198861,0.139246022679,0.26828545236205592
LBH,2.0,5.0,0.930217461462,0.139796216985,0.26828545236205592
TUBB,2.0,16.0,0.577443278624,0.14064395617,0.26899500746363569
MDN1,2.0,7.0,0.634850780395,0.140731087958,0.26899500746363569
HSD17B8,2.0,10.0,0.567394099411,0.141291044365,0.26966041900465809
S100A14,2.0,31.0,-0.334586796694,0.142094325957,0.27078754033360236
SRP14,-2.0,6.0,-0.504779846733,0.143980611497,0.27347701886085785
RPS18,2.0,9.0,-0.480591036563,0.144027717991,0.27347701886085785
EMILIN2,2.0,7.0,0.637887226486,0.14415010185,0.27347701886085785
EIF3M,2.0,9.0,0.68615076252,0.145056875616,0.27397240750524737
ENPP2,2.0,35.0,0.346082877251,0.144793803207,0.27397240750524737
PSMC2,2.0,14.0,0.442237109981,0.145056552437,0.27397240750524737
NOP56,2.0,20.0,0.250142881762,0.145740075135,0.27485498614400361
KNG1,2.0,6.0,6.03372521625e-15,0.146644763082,0.27615204645466374
PKP3,-2.0,6.0,0.726802404435,0.147556268788,0.27745809478178163
NCAPD3,2.0,6.0,0.627604209421,0.148232963629,0.27831941401047738
DPF2,2.0,7.0,-0.726315356603,0.149051999229,0.27944505893708621
RCL1,-2.0,7.0,-0.794660305202,0.151669848734,0.28393487858594652
PSMC4,2.0,17.0,0.43888246728,0.153342806654,0.28664521713750335
MRPS30,2.0,7.0,0.452184909662,0.155111698149,0.28910276975630828
USP5,2.0,22.0,0.343275356537,0.154903858748,0.28910276975630828
PBK,-2.0,6.0,-0.562064074875,0.155610756259,0.28918612075519062
LTBP3,2.0,6.0,-0.680958698901,0.155583958779,0.28918612075519062
LAMTOR4,2.0,10.0,0.577233419713,0.15670539212,0.29079586613523584
IFI30,2.0,8.0,0.514323590331,0.157778997884,0.29236195677692839
SNAPIN,2.0,27.0,0.302336187407,0.158386841485,0.29306169943431887
DHTKD1,2.0,16.0,0.542301608514,0.159074342709,0.29390658674769754
RPL13,-2.0,8.0,0.337780127138,0.16047182607,0.29605889070633912
NDUFA5,2.0,15.0,-0.385997256128,0.160775331546,0.2961895760605347
GTPBP10,2.0,7.0,0.731666378463,0.161927022338,0.2978802014981235
RBM19,2.0,5.0,0.79121409849,0.162721169528,0.29890916133984446
DARS2,2.0,21.0,0.471521021155,0.163314917114,0.29956756410051988
CRP,2.0,7.0,0.428443484667,0.163721934311,0.299811579790983
TMPO,2.0,5.0,0.794078254842,0.163918978425,0.299811579790983
RPL7L1,2.0,12.0,0.479142833456,0.164674260983,0.30076088124975792
GCN1L1,2.0,5.0,0.850679067928,0.165074304488,0.30105958397286919
TARDBP,2.0,6.0,0.649760991873,0.165362528853,0.3011537900288328
POGZ,2.0,37.0,0.19389950339,0.165697419877,0.3012709258773314
ELMO2,2.0,15.0,0.546080037379,0.165900172066,0.3012709258773314
TBP,-2.0,6.0,-0.818444373956,0.167224422265,0.30324314749806486
ISCU,2.0,5.0,0.851901935151,0.167600286596,0.30349241086273715
DNAJC5,2.0,9.0,0.490139965936,0.169600122686,0.30614028927492143
SEC31A,-2.0,5.0,-0.716560005517,0.170152062188,0.30614028927492143
NOL11,2.0,14.0,0.26041234645,0.169880515165,0.30614028927492143
EIF4G1,2.0,47.0,0.20595705519,0.169867003032,0.30614028927492143
COX5A,2.0,6.0,0.480330549259,0.170264984137,0.30614028927492143
GAMT,-2.0,8.0,-0.708446118962,0.170902418037,0.30674599123716884
BAG4,2.0,8.0,0.56418231164,0.171083781444,0.30674599123716884
PSMD14,2.0,8.0,0.725084774229,0.171883300114,0.30774604929024646
FETUB,2.0,6.0,1.00702675869e-15,0.172615297765,0.3086225759206111
UBA3,2.0,6.0,0.646053047128,0.173281511491,0.30894588813524843
CNOT7,-2.0,16.0,-0.434322904371,0.173244508236,0.30894588813524843
ADRM1,2.0,18.0,0.362963672034,0.17403321863,0.30985215009226541
POLR3A,2.0,12.0,0.418476560976,0.174495265967,0.31024088488184715
NPTN,2.0,6.0,0.682701633521,0.176708634864,0.313737924939262
LOXL2,-2.0,5.0,-0.618152985277,0.179086449233,0.31751678255304033
CCT3,2.0,25.0,0.206810617282,0.179648308291,0.31806995334368604
CRNKL1,2.0,5.0,0.711016993643,0.180920917475,0.3194345741263282
PPFIBP1,2.0,7.0,-0.468257456591,0.180718755978,0.3194345741263282
CYB5R3,-2.0,7.0,-0.767553950408,0.181559088196,0.31967457714192099
TUBB3,-2.0,8.0,-0.695249479929,0.181457476303,0.31967457714192099
MRGBP,2.0,12.0,0.497026517491,0.184180725368,0.32384262899602445
SPTA1,2.0,5.0,-0.0770206494401,0.184552652496,0.32404900224535793
MRPL11,2.0,5.0,0.33620257795,0.185923020258,0.32600551623837365
PPP1R2,2.0,41.0,0.321703405166,0.186744001188,0.32699465407532824
CKAP4,2.0,8.0,0.728011385295,0.188643062935,0.32941374364317261
FCGR1A,2.0,8.0,-3.94679744839e-15,0.188592367768,0.32941374364317261
FLOT1,2.0,17.0,0.339540592233,0.189204471744,0.32994149661712213
BCAS2,2.0,5.0,0.87759057923,0.191305069799,0.33314822688614182
CTSS,2.0,8.0,-2.98320268859e-15,0.192404916485,0.33460581787705329
TIMM13,-2.0,10.0,-0.476272043469,0.192706672748,0.33467338936948299
DNTTIP1,2.0,13.0,0.502077341867,0.193128773791,0.33494949459873163
RAP1B,2.0,10.0,0.592980884531,0.195040010863,0.33780399160423319
S100A10,2.0,19.0,0.208538532671,0.196206874218,0.33890278274068442
GTF3C2,2.0,6.0,0.63481477208,0.196079055864,0.33890278274068442
DHX57,2.0,7.0,-0.698247434935,0.19672809114,0.33934262875517374
ASF1B,2.0,13.0,0.396903393621,0.198530700303,0.34198860823575777
RPL21,2.0,9.0,0.546890376629,0.198930840141,0.34221481013482324
CD34,2.0,13.0,-0.487997474515,0.200502232595,0.34372422089927673
CD97,2.0,7.0,0.529209506193,0.200618300179,0.34372422089927673
ZMYND8,2.0,26.0,0.328332859339,0.200421216534,0.34372422089927673
RPS2,2.0,5.0,0.606357753196,0.201666539739,0.34505578640889306
PCCA,2.0,11.0,0.469358534304,0.202342162107,0.34574707699596247
TCP11L1,2.0,6.0,0.745132442275,0.203719519161,0.34763397840798677
RPL5,2.0,7.0,0.394407171222,0.206213469123,0.35141866960311058
CSRP1,2.0,5.0,-0.121814041625,0.208529366428,0.35489021853315877
EEF1G,2.0,5.0,0.634647715488,0.210476793396,0.35772624565179184
GOLGA7,2.0,9.0,0.478404151029,0.210775253571,0.35775586372732598
MRPS21,2.0,12.0,0.301885893531,0.211737847871,0.35891115890723191
ITGB1,2.0,5.0,0.745084863595,0.212373077331,0.35941484344491192
GID8,2.0,21.0,0.384450255226,0.213243007143,0.35941484344491192
SDC2,2.0,29.0,0.361153820937,0.212837518839,0.35941484344491192
SART1,2.0,8.0,0.472292620733,0.213980394797,0.35941484344491192
HSPE1,2.0,10.0,0.410616134434,0.213722295086,0.35941484344491192
SMARCD1,2.0,5.0,0.658040542529,0.214011352185,0.35941484344491192
SLC35A2,2.0,6.0,0.70775921836,0.213364730055,0.35941484344491192
FOSL2,2.0,5.0,0.697491411934,0.214616927167,0.3599569806114381
CCDC137,2.0,7.0,0.61958094959,0.214930525138,0.36000862960694358
NSMCE4A,2.0,5.0,0.666242776205,0.215807945665,0.36100330463983654
MCCC2,-2.0,5.0,-0.710794375176,0.216117956161,0.36104745169689878
SLC25A36,2.0,15.0,0.484972370148,0.217757177879,0.36283362230426741
ICT1,2.0,11.0,0.29375102497,0.217531961508,0.36283362230426741
RBBP5,2.0,16.0,0.439838859578,0.222058841011,0.36906106906025926
ZBTB7B,2.0,22.0,0.421872071766,0.222074453182,0.36906106906025926
HNRNPM,2.0,7.0,0.294062355654,0.222630373839,0.36950256309990037
RPL6,2.0,7.0,0.303890734547,0.22467038236,0.37240286034356751
DFFB,2.0,7.0,0.587846951421,0.225400196537,0.3729601251929287
NDUFB4,2.0,9.0,0.319784043141,0.225592534484,0.3729601251929287
ZC3H15,2.0,11.0,0.507055170494,0.225969501442,0.37309880069435097
PHB,2.0,14.0,0.406155072496,0.226588008548,0.37363540787832544
THTPA,2.0,6.0,0.721073063655,0.227395109431,0.37448120867439849
RPL23A,2.0,8.0,0.279658808192,0.227840595172,0.37454384876258462
SMC4,2.0,8.0,0.128325949608,0.228021588995,0.37454384876258462
NDNL2,-2.0,8.0,-0.447485417381,0.231111172818,0.37833019040072063
MRPL13,2.0,49.0,0.124790216789,0.231218293898,0.37833019040072063
TMEM209,2.0,21.0,0.419141465973,0.231108958937,0.37833019040072063
NUP107,2.0,11.0,0.419066392402,0.234556156488,0.38329908499298015
ATP1A1,2.0,7.0,-0.308454215495,0.237199333114,0.38712147570961408
UTP20,2.0,6.0,0.655202041413,0.238318504643,0.38811815928923465
PRKAR2B,2.0,12.0,0.442895395996,0.238419796201,0.38811815928923465
RPS8,2.0,14.0,0.245451566427,0.238785462089,0.38821697731785887
EMC1,2.0,5.0,0.715436572792,0.239984542391,0.38917238530416931
PAF1,2.0,20.0,0.325809970723,0.239898024175,0.38917238530416931
ETFA,2.0,6.0,0.311320205538,0.241316579573,0.39033799974060063
UBR4,2.0,5.0,0.707633591746,0.241036754671,0.39033799974060063
LMF2,-2.0,12.0,-0.420404213597,0.245665277451,0.39686789110975756
NRP2,2.0,6.0,0.7109805646,0.248075425978,0.4002535073125042
HIST2H3A,2.0,18.0,0.388678514865,0.248770375489,0.40086669366754352
SRPR,2.0,9.0,0.557613063181,0.250108254731,0.40251303195039079
NDUFV1,2.0,17.0,0.130825393532,0.250985553508,0.40313498662520952
FUS,2.0,5.0,0.568983072999,0.251128078864,0.40313498662520952
VPS39,-2.0,8.0,0.496369788445,0.253948050391,0.40714844854926652
EEF2,-2.0,9.0,-0.579004241136,0.255340974879,0.40886674342320356
PLTP,2.0,12.0,0.50795359639,0.257375240074,0.41160638268187671
NOC4L,2.0,5.0,0.729653702263,0.257997019953,0.41208306951032619
ECH1,2.0,20.0,0.352483845866,0.258576851631,0.41249164426777696
TCP1,-2.0,8.0,-0.290072358025,0.262308236506,0.41792038181711283
THBS3,2.0,19.0,0.252703826599,0.263579405944,0.41942072970882333
ZNF664,2.0,6.0,0.675162093023,0.264932467066,0.42104747886962746
MRPS12,2.0,14.0,0.313026617077,0.26572207784,0.42177581682114729
FAU,2.0,7.0,0.618146813595,0.267014903649,0.42330009009321978
MRPS36,-2.0,11.0,-0.503254246162,0.268363764814,0.42457608127384394
POLR2E,-2.0,6.0,0.431363073448,0.268486838512,0.42457608127384394
SNCG,-2.0,5.0,-0.703031134703,0.271469074568,0.42822816843205092
NOL9,2.0,6.0,0.637848845089,0.27122268542,0.42822816843205092
VPS41,2.0,5.0,-0.567205079524,0.271984014732,0.42850946875412882
TCIRG1,2.0,15.0,0.407513073877,0.272439213328,0.42869606744990796
SRRM2,2.0,6.0,0.68083308496,0.273887103289,0.43044232405751559
C1QTNF3,2.0,6.0,-0.26640606892,0.276103035622,0.43285611372777449
MAK16,-2.0,12.0,-0.459869540106,0.275772056109,0.43285611372777449
SQRDL,-2.0,5.0,-0.714421797377,0.276979722106,0.43369641604102765
EIF2S2,2.0,17.0,0.345065866362,0.277417925754,0.43384891828654992
TTC30A,2.0,6.0,0.446965831531,0.278461135291,0.43476955873076706
HSP90AB1,2.0,9.0,0.522841545046,0.278689677867,0.43476955873076706
ATP5E,2.0,22.0,-0.34812172895,0.285644400926,0.44507383400073974
SNRPN,-2.0,9.0,0.528454613647,0.286500189103,0.44586154123232569
RIF1,2.0,5.0,0.548320553648,0.286925042643,0.44597750828456284
ATP5C1,2.0,19.0,0.198166964779,0.291741848692,0.45291143095679653
ASH2L,2.0,10.0,-0.361647899195,0.292449533662,0.4534570722915095
TXNL1,-2.0,9.0,-0.506047139791,0.294757991986,0.45648044257717257
ORC3,2.0,8.0,0.400669774071,0.296231659197,0.45820522740914549
FBL,2.0,20.0,0.164875857212,0.296647549397,0.45829166308501262
RBM10,2.0,7.0,0.42502651295,0.300292468468,0.46241104794726118
CAPNS1,2.0,16.0,0.257942364065,0.300089451045,0.46241104794726118
TRIT1,2.0,20.0,0.368490471336,0.300403720858,0.46241104794726118
MRPS26,2.0,20.0,0.254976088462,0.306894205744,0.47183130907183818
RNASEH2B,-2.0,8.0,-0.500840212468,0.307301299643,0.4718872791863522
MRPL38,2.0,14.0,0.199802839104,0.309338368825,0.4744430644748156
MFAP5,2.0,8.0,-0.284923535067,0.309755734939,0.47451149287354255
C6orf203,2.0,7.0,0.531615788239,0.311806016638,0.47650547320570408
ORC5,2.0,12.0,0.358849558123,0.311583997631,0.47650547320570408
RBM8A,2.0,31.0,0.22058734612,0.312649018852,0.47722086450652756
C14orf2,2.0,6.0,0.58427640002,0.313964007692,0.47759001359790965
ACTA1,2.0,17.0,0.311212965399,0.315277962757,0.47759001359790965
DAP3,2.0,16.0,0.15252915047,0.314468422782,0.47759001359790965
TTI1,2.0,10.0,0.424331066937,0.314549576563,0.47759001359790965
GANAB,2.0,6.0,0.556408200949,0.315290009661,0.47759001359790965
MRPS23,2.0,6.0,-0.231996064433,0.314892796251,0.47759001359790965
LAMC2,2.0,24.0,0.195677882117,0.315517047475,0.47759001359790965
PRPF8,2.0,5.0,0.179004958884,0.316885265994,0.47852306478060147
AASDHPPT,2.0,8.0,0.465090779915,0.316744201105,0.47852306478060147
PRDX4,2.0,5.0,0.699011525957,0.319123914183,0.4811698458676183
CCT4,2.0,8.0,0.375121990673,0.319393966817,0.4811698458676183
CDS2,2.0,5.0,0.529069625761,0.321184713612,0.48312242713073772
NDUFB5,2.0,24.0,0.10677116703,0.321449093307,0.48312242713073772
BSG,-2.0,13.0,-0.404882600839,0.324308106147,0.48628087800456354
NFYC,2.0,25.0,-0.30827809198,0.324314583995,0.48628087800456354
SNX4,2.0,12.0,0.326317427266,0.326204553311,0.4885392898414071
CHD4,2.0,21.0,0.156434599701,0.326912521681,0.48892765738779442
NDUFS6,2.0,27.0,0.179605996385,0.327232022069,0.48892765738779442
COL7A1,2.0,5.0,-0.618305029406,0.331971423405,0.49426856373632266
LYRM4,2.0,14.0,0.367332452001,0.331542305777,0.49426856373632266
H3F3A,2.0,5.0,-0.432244704384,0.331632033686,0.49426856373632266
WDR46,2.0,7.0,-0.340727603842,0.334307942631,0.4971520768375759
QRSL1,2.0,7.0,0.317165171535,0.334916466154,0.4971520768375759
PARP9,2.0,6.0,0.182668376819,0.335079718717,0.4971520768375759
RPL30,2.0,56.0,0.17794349142,0.337929104841,0.50067727775891302
PSMD13,-2.0,6.0,-0.408823953455,0.33824230862,0.50067727775891302
CA1,2.0,12.0,-0.0805545215491,0.339658018817,0.50218891748483896
PLOD2,2.0,11.0,0.20153697074,0.340917035725,0.50346564556661144
MSI1,2.0,5.0,-0.638326954066,0.344231909778,0.50718428373552005
SEL1L,2.0,9.0,0.363362718564,0.343946223403,0.50718428373552005
RPS21,2.0,29.0,-0.274355394724,0.345258161327,0.50810825360668566
POLR3C,2.0,26.0,-0.228209105584,0.347596361493,0.51095862376556067
SDHC,2.0,18.0,-0.314164769153,0.349997327584,0.51389457671777217
COX7C,-2.0,5.0,0.393637448006,0.351304824872,0.51522009454120943
POLR3F,2.0,5.0,0.478285523693,0.358096316945,0.52457607764253922
LRWD1,2.0,10.0,0.301683516329,0.35873911484,0.52491367033414116
CTHRC1,2.0,18.0,-5.8482630362e-16,0.360132508181,0.52624859592186324
RNASEH2C,2.0,5.0,0.585735207386,0.360478221244,0.52624859592186324
SEC11A,2.0,9.0,0.403033170798,0.36537220455,0.53176478478730427
KDM5B,2.0,16.0,0.339722196084,0.365509965977,0.53176478478730427
ATP9A,2.0,18.0,0.308238513482,0.365486250578,0.53176478478730427
NCAPG2,2.0,11.0,0.26488110339,0.366466460522,0.53254772174028842
UTP11L,2.0,14.0,0.255861030837,0.367144427003,0.53292457876307719
NDUFS7,-2.0,12.0,-0.304441985198,0.371912760326,0.53923114338788347
NFIB,-2.0,5.0,-0.569732137114,0.373097524603,0.54033350263864466
MLLT1,2.0,5.0,0.576091170736,0.376424969027,0.54453293814895554
VSIG4,2.0,5.0,-0.503002486666,0.377188441238,0.54501803143731231
GMEB2,2.0,21.0,0.277477726841,0.377932506898,0.54547401505799609
TNPO2,2.0,21.0,0.248948024008,0.37872859235,0.54600396156427178
SBSPON,2.0,11.0,0.322051537225,0.381466164852,0.5488186366779142
MRPL27,2.0,12.0,0.235153744326,0.38154319989,0.5488186366779142
TOMM22,2.0,6.0,0.384009337294,0.38287414573,0.55011149832311246
NCKAP1,2.0,12.0,0.373982903122,0.386974952455,0.55537667922805312
MRTO4,2.0,5.0,0.382121789828,0.388441944266,0.55685427370520524
MTX2,2.0,15.0,0.330504120165,0.390362546995,0.55897809035462021
POLR3D,-2.0,13.0,-0.33727915407,0.392825771978,0.5613975180704911
LRRC14,2.0,58.0,0.181443981808,0.392934162294,0.5613975180704911
EIF3B,2.0,6.0,0.502624537421,0.394201123728,0.56257626738342204
MRPL40,2.0,8.0,0.295685964978,0.39533955114,0.56356914736995889
APCS,2.0,7.0,-1.26735169173e-15,0.396353614712,0.56438271982993404
PKLR,2.0,21.0,-0.246041105732,0.397427598675,0.56450991698403263
ABT1,2.0,12.0,0.346028568506,0.397499801236,0.56450991698403263
NDUFS4,-2.0,5.0,-0.299593595513,0.39777328793,0.56450991698403263
ABR,2.0,5.0,0.419809775264,0.400351979883,0.56753682671677752
ITGA6,2.0,11.0,0.362888391318,0.403185999894,0.57091855157450522
RPS4X,2.0,5.0,0.378218045029,0.404971530024,0.57280973080042108
SULF1,2.0,10.0,0.193469993111,0.40667625938,0.57394554123084429
SRP68,2.0,16.0,0.272172836048,0.406529157891,0.57394554123084429
ABI3,2.0,6.0,1.83561119833e-15,0.407462896769,0.57441890098249981
CCT5,2.0,24.0,0.130255738126,0.412030069892,0.57829578718081054
RPS15A,2.0,10.0,-0.230811007592,0.411849899247,0.57829578718081054
RSBN1,2.0,5.0,-0.514384644953,0.411689777063,0.57829578718081054
WDR43,2.0,6.0,0.257650556546,0.410811179596,0.57829578718081054
ATP1B1,2.0,16.0,0.242114964407,0.412872689703,0.57884023567345499
CSNK2B,2.0,13.0,0.332103596169,0.414361068973,0.57965015472772263
PARP14,2.0,7.0,-0.156368436426,0.413935431961,0.57965015472772263
SNRPC,2.0,12.0,0.320316311035,0.419026445737,0.58553311242891837
ATP5L,2.0,5.0,-0.294265951865,0.421532932971,0.58838971893858449
MED8,2.0,9.0,-0.379520231802,0.422328796059,0.58885493689210677
RPS23,-2.0,7.0,-0.221766626776,0.423308599425,0.58957532501996346
ANXA9,2.0,35.0,0.200606256599,0.424468657699,0.59054491940002185
ASUN,2.0,18.0,0.253126526149,0.42523306392,0.5909625440716646
CHCHD3,2.0,23.0,0.125034429004,0.428110244123,0.59301886917114099
BUB3,2.0,5.0,0.272141047627,0.427816968184,0.59301886917114099
SUDS3,2.0,7.0,-0.442004436832,0.427346618082,0.59301886917114099
DSN1,2.0,9.0,0.399689101143,0.429519970991,0.59432491638230522
COG2,2.0,26.0,0.172983955527,0.430735310953,0.59535944716957379
GTF2H2C,-2.0,7.0,-0.389779286515,0.432497754279,0.59591454699544566
OAS1,2.0,7.0,0.392122174071,0.432541273703,0.59591454699544566
RPS19,2.0,5.0,-0.305277622613,0.432191684405,0.59591454699544566
PCCA,-2.0,6.0,-0.387335377616,0.433951399709,0.59665023842520315
RPL35A,2.0,29.0,0.100399396052,0.434012663615,0.59665023842520315
GPAA1,2.0,78.0,0.158183676099,0.437737272193,0.60112141046554235
ITGB6,2.0,6.0,0.473022598136,0.438917109733,0.60209211281198449
NAA10,2.0,12.0,0.239143507464,0.44097098168,0.60310510431219921
EIF3I,2.0,12.0,0.260138040333,0.440471021051,0.60310510431219921
SRSF1,2.0,7.0,0.200761054615,0.441076867333,0.60310510431219921
RPL4,2.0,5.0,-0.226317449401,0.443336713705,0.60554467440613979
COL14A1,2.0,25.0,-0.0574561015767,0.445772551415,0.60821914035539937
XRCC5,2.0,7.0,0.290094377187,0.450288778954,0.61372335718289128
POP4,2.0,18.0,0.276348658394,0.451337873666,0.61449530820994258
MKL2,2.0,9.0,0.341155272011,0.452979013971,0.61607081707818712
SCAMP1,-2.0,8.0,-0.37196332389,0.453923816134,0.61669692416099853
COQ5,2.0,7.0,0.414247656684,0.456337320056,0.61799724301156111
LSM2,2.0,10.0,-0.234178703678,0.456012853106,0.61799724301156111
MRPL55,2.0,14.0,0.191331321656,0.455456312711,0.61799724301156111
SUCLG2,2.0,9.0,0.237516536223,0.456836204829,0.61801539718076326
OASL,2.0,6.0,0.302624154968,0.457461637087,0.61820129040459848
MRPS35,2.0,10.0,0.14653740967,0.457944867912,0.61820129040459848
AP2M1,2.0,49.0,0.151280098974,0.458631462684,0.61847230084403337
SLC25A13,2.0,13.0,0.315358868767,0.463945971227,0.62497695383249396
ARCN1,2.0,7.0,0.277898124865,0.465402019157,0.62627565579999134
MRPL28,2.0,5.0,-0.25372915898,0.465951935611,0.62635355230510814
GTF2E1,2.0,10.0,0.285852790273,0.470900493542,0.63233789902798854
RPS7,2.0,9.0,0.316707210395,0.471807122942,0.63288774236632961
DTX3L,2.0,6.0,0.14169212426,0.473695232225,0.63475161118137202
FIBP,2.0,7.0,0.337117873203,0.476340127611,0.63561947845845379
FAM98B,-2.0,8.0,-0.334389822329,0.475324739274,0.63561947845845379
CMC4,2.0,12.0,0.308331168782,0.475793267633,0.63561947845845379
FCGR2B,2.0,8.0,-0.194302090981,0.476185995493,0.63561947845845379
ECT2,2.0,13.0,0.120772052084,0.479959880662,0.63977898228559049
CTNNBL1,2.0,9.0,0.273799588836,0.481716476955,0.64144882339315312
KIF3B,2.0,10.0,0.279682575471,0.483675272125,0.64338413940962691
CD163,2.0,6.0,-2.79432818092e-15,0.485782870965,0.64551314690810446
MRPS10,2.0,8.0,0.269848080208,0.486632140636,0.64596737750715538
SYNM,2.0,10.0,0.0860592629913,0.4874454346,0.6463729565065337
RAP1A,2.0,5.0,0.460903226725,0.490978967347,0.65038108785914284
CBR4,-2.0,5.0,-0.377844765609,0.492031780872,0.65109818820214183
PSMA4,2.0,7.0,0.285843063337,0.49611127179,0.65581479645782048
NUP35,2.0,10.0,0.305700061096,0.498047147698,0.65769089109870993
CD5L,2.0,15.0,0.22089072225,0.500799495391,0.65951395067496965
RPL36,2.0,6.0,0.372097672592,0.501115945439,0.65951395067496965
COPB1,2.0,5.0,-0.33655436295,0.501500003341,0.65951395067496965
IPO5,2.0,9.0,0.340369363499,0.500443861217,0.65951395067496965
PPTC7,2.0,8.0,0.364257817561,0.503110114348,0.66026719130381994
DPY30,2.0,5.0,0.439207836085,0.502777250382,0.66026719130381994
SNRNP40,2.0,12.0,0.288714995268,0.503728593541,0.66039804282000536
ERGIC3,2.0,5.0,0.291597119002,0.504382785677,0.66057539729103587
ALDH2,2.0,5.0,0.499068932878,0.507549792306,0.66403996465074422
COA6,2.0,30.0,0.186659145038,0.508793622588,0.66442648013254202
RPS17,2.0,11.0,0.282021819551,0.508889095153,0.66442648013254202
SNRPD3,2.0,5.0,0.304086922476,0.50969128517,0.66479201436663804
ARL2,2.0,7.0,-0.357828940481,0.510417788959,0.66505818356637236
DGCR8,2.0,5.0,-0.406569573856,0.511941653038,0.6663616813059503
VBP1,2.0,12.0,0.251343700881,0.512611981185,0.66655265786334128
TP53RK,2.0,18.0,0.205044367268,0.515361242308,0.66944373618236597
TIMM8B,-2.0,5.0,-0.388009294585,0.521816676171,0.67620784624214558
ANK1,2.0,5.0,0.0728511625962,0.521980632401,0.67620784624214558
MRPS33,2.0,15.0,0.169137847547,0.522200170858,0.67620784624214558
PSMD6,2.0,6.0,0.297388529382,0.522693260567,0.67620784624214558
UXT,2.0,9.0,0.305099753044,0.526806807663,0.68014712591769744
CFHR1,2.0,9.0,0.184495397391,0.52637296176,0.68014712591769744
MGLL,2.0,5.0,0.234488990092,0.528967697985,0.68155453394169507
UTP3,2.0,6.0,0.239654754342,0.52854887539,0.68155453394169507
ECM1,2.0,17.0,0.0701324111669,0.530492919508,0.68282860114683674
RPA1,2.0,5.0,0.369697186652,0.533705898625,0.68627031207086941
C1RL,2.0,9.0,0.16496009198,0.534865008861,0.68706675709414911
SMC1A,2.0,6.0,0.224135271185,0.535777257188,0.68754480685556862
NDUFB2,2.0,7.0,-0.134372151465,0.536872984289,0.68760328251681246
CAPN2,2.0,20.0,0.165482756918,0.536903112979,0.68760328251681246
HN1L,2.0,5.0,0.341896285327,0.538215438373,0.68859120909493632
LAMTOR2,2.0,25.0,0.137125544749,0.539431736105,0.68888906242580816
MEST,2.0,13.0,0.258684373176,0.539530553997,0.68888906242580816
GULP1,2.0,8.0,0.270400224073,0.54087509193,0.68991381966581322
WDR81,2.0,5.0,-0.347653455404,0.54441904128,0.69304543954920639
PTMS,2.0,15.0,0.267579068269,0.544413058158,0.69304543954920639
RPL8,2.0,83.0,0.0727887334983,0.545612201957,0.69387046262911223
YEATS4,2.0,7.0,0.261010857988,0.547045660738,0.69499912786315421
MRPL9,2.0,19.0,0.107515359592,0.552700342971,0.70148308733972609
MSH2,2.0,9.0,0.107042809353,0.553889738125,0.70229246676570334
LSM4,2.0,15.0,0.135382826093,0.556787509293,0.70502181690048937
COQ3,2.0,5.0,0.356343741475,0.558257652345,0.70502181690048937
UQCR10,2.0,6.0,0.29531798117,0.557438871706,0.70502181690048937
METTL1,2.0,5.0,-0.351087987024,0.558022815801,0.70502181690048937
UTP15,-2.0,9.0,0.141431008628,0.559711783609,0.70615768140131752
PSMB2,2.0,17.0,-0.161049359961,0.561541082247,0.70776415613920984
SERPINB6,2.0,21.0,-0.198281812692,0.564673819773,0.71100867712206339
LAMC1,2.0,9.0,0.0740317351233,0.570451895677,0.71124903349377
UBE2M,2.0,5.0,0.37822243037,0.56921469437,0.71124903349377
MYL12A,-2.0,5.0,0.368611413662,0.568392886907,0.71124903349377
ITGAV,2.0,6.0,-0.197732886361,0.570143988466,0.71124903349377
SEPT4,2.0,5.0,-0.193366617647,0.565919687875,0.71124903349377
LXN,2.0,7.0,0.196186318602,0.568850677526,0.71124903349377
RPS3,2.0,22.0,-0.121444729591,0.568603948609,0.71124903349377
UQCRB,2.0,51.0,-0.0837428644346,0.567713211123,0.71124903349377
NDUFS1,2.0,7.0,0.0879450206422,0.56639091529,0.71124903349377
DR1,2.0,5.0,0.364749599015,0.569813524152,0.71124903349377
IDO1,2.0,7.0,0.229651789283,0.571831008637,0.71227091388954678
COX4I1,-2.0,6.0,-0.165437423739,0.57437792234,0.71404599134613378
CDC5L,2.0,9.0,0.107350845301,0.574193425959,0.71404599134613378
COPS5,2.0,24.0,0.168746147332,0.576735725732,0.71557951155594146
ATP6AP1,2.0,14.0,0.218801887635,0.576660522438,0.71557951155594146
SNRPA,2.0,5.0,0.289292464814,0.580539633028,0.71750189596620884
RASAL3,2.0,7.0,-0.240573309381,0.579674419351,0.71750189596620884
DDRGK1,2.0,16.0,0.191303160376,0.579471369875,0.71750189596620884
VTN,2.0,5.0,-0.113096506323,0.580268428034,0.71750189596620884
ACAT1,2.0,7.0,0.274395104093,0.581726091085,0.71827091556897071
NELFCD,2.0,25.0,0.169075249055,0.583047094071,0.71887483572497746
MYEF2,-2.0,6.0,-0.334633211217,0.583344623177,0.71887483572497746
CTSK,2.0,15.0,3.52824775752e-15,0.588441876903,0.72445503800486866
NSL1,2.0,12.0,0.211796371143,0.589700544297,0.72486213477877859
DAD1,2.0,6.0,-0.314429429523,0.589911368131,0.72486213477877859
KHDRBS1,2.0,5.0,0.214635088977,0.591396629961,0.72598641267202302
LRBA,2.0,5.0,-0.352019563306,0.592428459928,0.72655243688625692
APOD,2.0,15.0,3.50449349326e-16,0.59487122327,0.72884607047469085
SAMD4B,2.0,20.0,-0.143645676622,0.595608195164,0.72904733888818352
PSMA1,2.0,5.0,0.296318197809,0.599077840283,0.72986938178403848
RFX3,-2.0,7.0,-0.29916442587,0.599250297442,0.72986938178403848
SMC6,2.0,5.0,-0.230986484441,0.599786817311,0.72986938178403848
PAG1,2.0,5.0,0.137779370842,0.599847156715,0.72986938178403848
SLIRP,2.0,6.0,-0.241280308447,0.597886969285,0.72986938178403848
DOCK4,2.0,15.0,-0.202390263697,0.600293199315,0.72986938178403848
PLSCR1,2.0,12.0,-0.177356598052,0.597256600799,0.72986938178403848
SLC39A10,2.0,8.0,0.266819401937,0.601924534424,0.73115451557471844
GNB4,2.0,10.0,0.135045779152,0.604670263053,0.73263930381311504
GMPPA,2.0,5.0,0.312552945832,0.60792150712,0.73263930381311504
SRPK1,2.0,10.0,0.249959758021,0.608965125548,0.73263930381311504
MRPS15,2.0,15.0,0.153327475711,0.609477629802,0.73263930381311504
RPS6,2.0,7.0,0.131990742557,0.605626446856,0.73263930381311504
MRPL20,2.0,5.0,0.224922981466,0.607511729319,0.73263930381311504
NDUFS8,2.0,15.0,-0.129934204046,0.609097561313,0.73263930381311504
UQCRH,2.0,18.0,-0.105469386465,0.609249278154,0.73263930381311504
PSMB3,2.0,9.0,0.197250354073,0.605221313715,0.73263930381311504
KIF1A,2.0,5.0,0.330456615116,0.60766427438,0.73263930381311504
TANGO2,2.0,8.0,0.248066603591,0.607528733474,0.73263930381311504
NDUFA13,2.0,14.0,-0.111293500745,0.617502067347,0.74158502993615893
ARPC5,2.0,12.0,0.117225817743,0.625267777575,0.7502034692304359
CFHR3,2.0,12.0,-0.215945770704,0.626600857,0.75109500090437287
TAF6,2.0,7.0,0.240261807141,0.632438992986,0.75683859986037183
RPP40,2.0,19.0,0.156658900323,0.633591891399,0.75683859986037183
CLU,-2.0,12.0,-0.170526254114,0.633770579302,0.75683859986037183
CDC42BPB,2.0,6.0,0.193988509023,0.633223482195,0.75683859986037183
NDUFB10,2.0,5.0,-0.150212726187,0.63809460223,0.76128812430982928
EIF3E,2.0,66.0,0.0796214012783,0.639850364029,0.762668083716321
NDUFA9,2.0,18.0,0.0795256946437,0.64432496574,0.76728314442160506
HMCN1,2.0,13.0,-0.0936494935586,0.647481968128,0.77032200507213877
PXDN,2.0,6.0,0.202804308846,0.648219021728,0.77047881854309486
PPP1R10,2.0,15.0,-0.160718637837,0.651935053935,0.77302579026993234
GPNMB,2.0,6.0,0.25967848662,0.651255831898,0.77302579026993234
PSMB1,-2.0,9.0,0.161721291043,0.652785928888,0.77302579026993234
NOP10,-2.0,7.0,0.249886566394,0.653398075672,0.77302579026993234
ABHD11,2.0,6.0,-0.268942122138,0.653389773553,0.77302579026993234
RNASE1,2.0,9.0,0.198276560192,0.658449925569,0.77827925278460353
ETFB,2.0,5.0,0.126264017668,0.664141647509,0.78427858745753554
KIFAP3,2.0,16.0,-0.162034726539,0.665933798343,0.78566610314241891
TRRAP,2.0,12.0,-0.130935089149,0.669632063931,0.78929779387430821
RBMX,2.0,6.0,0.177352527466,0.672299317934,0.79165724474587107
RPL10,2.0,16.0,0.118261296624,0.672877563877,0.79165724474587107
EBNA1BP2,2.0,15.0,-0.11835515038,0.674602792247,0.79222265178118134
ILF2,2.0,30.0,-0.0621475101278,0.674066703062,0.79222265178118134
SRSF11,2.0,7.0,0.223750502087,0.675584154486,0.79264389738342433
SPEF2,2.0,9.0,0.135584998312,0.676917074896,0.79274649157505628
RNGTT,2.0,8.0,-0.204287487752,0.67660268385,0.79274649157505628
AP1M2,2.0,20.0,-0.146597486241,0.678621818437,0.79401247690320964
UQCR11,-2.0,7.0,-0.197221520423,0.68179069621,0.79405189105149554
RPN2,2.0,7.0,0.089509393855,0.680438637612,0.79405189105149554
POLR3B,2.0,5.0,-0.161948181733,0.683021854439,0.79405189105149554
MPHOSPH6,-2.0,5.0,-0.224247669814,0.682472069653,0.79405189105149554
OXLD1,2.0,14.0,0.166098476681,0.682013450864,0.79405189105149554
MRPL54,2.0,5.0,-0.193787162713,0.680592236968,0.79405189105149554
TIMM8B,2.0,6.0,-0.230260028753,0.679714589593,0.79405189105149554
PHF10,-2.0,5.0,-0.200906398152,0.684656480784,0.7952260036841674
TOR1AIP2,2.0,16.0,-0.131852330425,0.69019976779,0.80020428451434744
RFC4,2.0,23.0,-0.0606972807792,0.690162197338,0.80020428451434744
SAMD1,2.0,5.0,0.165950237353,0.691695053538,0.80120819213216909
SPCS2,2.0,9.0,0.0981175419314,0.692469948143,0.80137658544172319
LAMB3,2.0,14.0,0.0992357069757,0.700078231333,0.80944558445676584
LAS1L,2.0,6.0,0.185811376675,0.709366201571,0.81944026733259268
KRT23,2.0,5.0,-0.256569767622,0.710640149299,0.82016764284443111
SRP9,2.0,21.0,0.0959289680694,0.712681100631,0.82040734566360485
COPA,2.0,20.0,0.0691564055656,0.711611134856,0.82040734566360485
MSR1,-2.0,17.0,-0.107084033313,0.712781244544,0.82040734566360485
PFDN6,2.0,9.0,-0.155820060064,0.717471709341,0.82238561220748618
RPL3,2.0,6.0,0.0785501077196,0.71711957048,0.82238561220748618
EXOSC4,2.0,64.0,0.069420208356,0.717730098321,0.82238561220748618
NDUFB7,2.0,13.0,0.0882007234626,0.717141434261,0.82238561220748618
MRPL21,2.0,18.0,-0.0589484531661,0.716885738302,0.82238561220748618
PLVAP,2.0,15.0,0.144833756109,0.719665224587,0.82312114186805108
EMG1,2.0,24.0,0.0965328309694,0.719521126159,0.82312114186805108
NUP205,2.0,22.0,0.0485896916766,0.721222275425,0.82416154094795802
BAZ1B,2.0,5.0,0.233045746801,0.723353215808,0.82558632244986685
WDR18,-2.0,12.0,-0.126069597477,0.72441470713,0.82558632244986685
GNG5,2.0,5.0,0.178020568951,0.724166600017,0.82558632244986685
RPL13,2.0,5.0,-0.106756041339,0.725363026662,0.82569601234359569
MAOB,2.0,5.0,-0.231293791454,0.727105443706,0.82569601234359569
TUBB8,2.0,18.0,-0.119187702531,0.726485490685,0.82569601234359569
PPP4R2,2.0,7.0,0.200682168945,0.726037816269,0.82569601234359569
PRSS1,2.0,11.0,-0.113873670335,0.732385165492,0.82947181109517532
WDR77,2.0,5.0,0.218151861228,0.731593807949,0.82947181109517532
GNAI1,2.0,6.0,0.215186353832,0.731861045032,0.82947181109517532
BCKDHB,2.0,5.0,0.211234889459,0.734044228135,0.82987415845103574
MRPL34,2.0,7.0,-0.161625563608,0.733588515242,0.82987415845103574
MRPL24,2.0,12.0,-0.0579180844996,0.739748381247,0.83418682322926263
ATP5H,2.0,15.0,-0.0830353373591,0.7398247631,0.83418682322926263
RUVBL1,2.0,15.0,-0.0877609097224,0.739122862947,0.83418682322926263
DPH2,2.0,8.0,-0.145515688529,0.740872267852,0.83462866989032236
NID1,2.0,9.0,0.0304875690811,0.742946538183,0.83622541388771521
TSPAN8,2.0,6.0,-0.198511448757,0.746449601506,0.83868520981213268
DHX35,2.0,5.0,0.185720764818,0.746420742515,0.83868520981213268
MRPS16,2.0,8.0,0.165786261947,0.751535927423,0.84365541059009086
H1FX,2.0,8.0,0.130820459466,0.752217949275,0.84367704795325515
EIF2S3,2.0,6.0,-0.136478820934,0.752899637868,0.84369827377259732
EPX,2.0,5.0,-0.11291791696,0.757248028085,0.8478247491227151
TOPBP1,2.0,7.0,0.17062402039,0.758957065093,0.84899151481820934
XPO5,2.0,6.0,0.101388955175,0.760526845683,0.85000059223358149
COPG1,2.0,14.0,0.0828266821425,0.761208902893,0.85001660823055347
NFIB,2.0,8.0,-0.154058652989,0.762633151295,0.85086064995448696
VPS33A,2.0,6.0,-0.144116668689,0.766523027444,0.85445167595059668
GPT,2.0,31.0,0.0835227553526,0.767260222351,0.85452516452590455
PDRG1,2.0,8.0,-0.120313402427,0.772958256829,0.86004373286724256
PSMB8,2.0,6.0,-0.0564577032689,0.773566436868,0.86004373286724256
CFHR2,2.0,8.0,-0.0453513966038,0.774449749845,0.86027446034317534
COMMD4,2.0,6.0,0.142249775738,0.776236854004,0.86150785976199284
SF3A1,2.0,5.0,0.105166166388,0.778932358333,0.86374642174008132
CA2,2.0,14.0,-0.0593771213146,0.788263985163,0.8730671058018481
FARSA,2.0,24.0,0.0616809657219,0.788709482853,0.8730671058018481
STT3A,2.0,7.0,-0.0740975065008,0.790160063375,0.87391291109973834
MCM4,2.0,8.0,-0.0230535459888,0.792590475091,0.87583999547869418
RCL1,2.0,7.0,0.144121579265,0.794959289052,0.87617590905876941
RPS9,2.0,6.0,0.116616549235,0.794168062508,0.87617590905876941
UBA2,2.0,8.0,-0.0408086831009,0.794507256392,0.87617590905876941
AHSG,2.0,6.0,1.84096778575e-16,0.796431529028,0.87703921838443788
COX5B,2.0,5.0,0.0622320117341,0.799474838896,0.87962961963205888
YBX1,2.0,10.0,0.0802747977017,0.80151571562,0.88106194283636119
NOC2L,2.0,8.0,0.0599008202967,0.802160873329,0.88106194283636119
TOX4,2.0,8.0,0.120403996258,0.803782277236,0.88208175769127573
CACNA2D1,2.0,6.0,0.134639293697,0.804638444708,0.88226075806514692
FMOD,2.0,6.0,-6.41691059044e-16,0.809875410398,0.88723872412750682
LRRC15,2.0,9.0,3.17868647257e-16,0.811803449733,0.88788784855556591
ERP29,2.0,8.0,0.120320670693,0.811862887446,0.88788784855556591
MAGEA4,2.0,10.0,-0.111506054943,0.814438397212,0.88993998253252093
TMCO1,2.0,13.0,0.101506498736,0.819153662381,0.89432471030098248
REEP3,2.0,6.0,-0.138593655621,0.820040465575,0.8945257178034397
MRPL51,2.0,12.0,-0.0637111521035,0.822128303314,0.89603538537536487
SIGLEC1,2.0,10.0,0.0710974337113,0.826992204029,0.89994713859614517
SSR4,2.0,13.0,0.086591218915,0.827131305701,0.89994713859614517
TNS3,2.0,5.0,0.11515584982,0.83096959551,0.9033512340594918
HSPA14,2.0,6.0,0.0974605572111,0.831927597325,0.90362101654832316
MRC2,2.0,10.0,2.97908437263e-16,0.834079258626,0.90518575978796434
ATP5D,-2.0,12.0,0.0673269873242,0.835585370395,0.90604785052146908
COX6C,2.0,61.0,0.0346019792399,0.837546366631,0.90740129763557753
FAM133B,2.0,6.0,0.103254066359,0.839112113877,0.90756754397942674
AP3D1,-2.0,9.0,-0.0960301826449,0.839125686774,0.90756754397942674
TRAPPC12,2.0,7.0,0.100687605933,0.840076336638,0.90782442830241183
MRPL14,2.0,7.0,-0.0560352400357,0.846601652421,0.91332534197583704
TBL3,2.0,5.0,-0.0598207472859,0.846076648305,0.91332534197583704
LPP,2.0,9.0,-3.81428237642e-16,0.849228584182,0.91349155531352078
CPN2,2.0,6.0,3.19981637922e-16,0.849003052124,0.91349155531352078
RPL10A,2.0,11.0,-0.059047995466,0.849035902785,0.91349155531352078
SMARCD3,2.0,15.0,-0.0867841282611,0.849626081297,0.91349155531352078
XAB2,2.0,8.0,0.0646980340852,0.85192193436,0.91518702315615097
NDUFA7,2.0,5.0,-0.0598121314251,0.854244244686,0.91621129312035909
NDUFAF1,-2.0,5.0,-0.095687133098,0.855002748784,0.91621129312035909
MEIS1,2.0,7.0,0.102598586265,0.855034576769,0.91621129312035909
BPGM,2.0,9.0,0.0381425155495,0.858138498586,0.91683966403740247
COPE,2.0,16.0,0.0363189888478,0.85785817706,0.91683966403740247
RPLP2,-2.0,6.0,-0.0971096425639,0.85643420963,0.91683966403740247
MRPL4,2.0,9.0,0.0410663985731,0.858501869232,0.91683966403740247
PIGK,2.0,6.0,-0.0962411534832,0.860058078259,0.91696309348755067
PSMD12,2.0,17.0,0.0538458164342,0.859690997764,0.91696309348755067
EIF3L,2.0,5.0,-0.0809149209297,0.862310128677,0.91859480653221948
SAMD9,2.0,6.0,-0.0634516869024,0.864181520558,0.91981862514194102
RPL35,2.0,5.0,0.0677364439035,0.867847208492,0.92294861855509558
RPL37A,2.0,8.0,0.0590510477912,0.870107441531,0.92457994413100442
TUBB1,2.0,12.0,0.0548648187952,0.871418427258,0.92520071551239969
SMN1,-2.0,5.0,-0.085520002121,0.874704240986,0.9260214106803798
PSMC5,2.0,17.0,0.0541956437515,0.875174541364,0.9260214106803798
RPS20,2.0,30.0,0.0408588269677,0.87632864232,0.9260214106803798
DRAP1,2.0,7.0,-0.0748448964611,0.874150954362,0.9260214106803798
DKC1,2.0,12.0,0.0417577038255,0.876556009324,0.9260214106803798
COL4A1,2.0,5.0,-0.0487174728079,0.874726522233,0.9260214106803798
POLR2G,2.0,6.0,-0.0761145203369,0.885756849124,0.93496556296442246
PPP1R12B,2.0,6.0,0.0139035564277,0.887262238331,0.93577864904375363
CYGB,2.0,13.0,-0.038651423516,0.889294781084,0.93714590754959215
ICAM2,2.0,9.0,-0.0597365300161,0.891757190624,0.93818752368933822
PBX1,2.0,21.0,-0.0459276260275,0.891270047897,0.93818752368933822
IFI44L,2.0,6.0,0.0450436211498,0.89532769645,0.94116610865475214
ADIRF,-2.0,5.0,0.0723655895729,0.898950885252,0.94341671634465141
ENY2,2.0,61.0,0.0283316772466,0.898527138113,0.94341671634465141
RPL7,2.0,29.0,0.0206716898482,0.902329377284,0.94618228771235569
RTN4IP1,2.0,7.0,0.0436119371977,0.903592560068,0.94672701972550777
MIF,2.0,5.0,0.073398168051,0.907532139831,0.9477345479942676
BCKDHA,2.0,6.0,-0.0642822076896,0.907398128411,0.9477345479942676
ZYX,2.0,5.0,0.0319042922487,0.906707032527,0.9477345479942676
MEX3A,2.0,17.0,0.0437995311957,0.905919723915,0.9477345479942676
TYROBP,2.0,5.0,-0.00296531598366,0.909782584475,0.94930592625931098
FLYWCH2,2.0,5.0,0.0730313233564,0.911424036198,0.95023980186748747
RPL36,-2.0,5.0,0.0659554540245,0.912873661351,0.95097231661193704
KIAA1462,2.0,5.0,0.0695896287694,0.918317525398,0.95392833688699397
MCU,2.0,5.0,0.0445476741621,0.916817365791,0.95392833688699397
TNFAIP8L2,2.0,7.0,-1.23401361379e-16,0.917569593882,0.95392833688699397
HSPA12B,2.0,6.0,-5.96560467072e-16,0.918708673231,0.95392833688699397
AATF,2.0,6.0,-0.0486589044011,0.921158048479,0.95569209104621855
CIB1,2.0,11.0,0.0376162260954,0.922881172316,0.95592166994140848
TPM4,2.0,7.0,0.0272595778467,0.92263852741,0.95592166994140848
RGS19,2.0,10.0,0.0341111002342,0.926509199601,0.95734270380888487
KCTD7,2.0,6.0,0.0562151844178,0.925909102456,0.95734270380888487
VPS52,2.0,9.0,0.0348065452214,0.925487479559,0.95734270380888487
NDUFB11,2.0,9.0,-0.0300973836003,0.927599364389,0.95769180119034081
KIAA1429,2.0,46.0,-0.0177608443093,0.928984430526,0.95789163131670352
FCGR2A,2.0,5.0,-5.16800709169e-16,0.929451579109,0.95789163131670352
SLBP,2.0,6.0,0.0401080036963,0.930050319173,0.95789163131670352
IDH3G,2.0,13.0,0.0329396153872,0.932769950089,0.95933037783527353
SDHB,2.0,6.0,0.0459279225214,0.932954444431,0.95933037783527353
BLVRB,2.0,9.0,-0.0344772292736,0.935258904261,0.9609237975178706
MRPL2,2.0,13.0,0.0248539115175,0.936486725011,0.96140935559552276
RPLP0,2.0,5.0,-0.0330342303126,0.939199083163,0.96341694832140812
ZSCAN18,2.0,5.0,-0.0462143409331,0.940035256061,0.9634982938533212
PSIP1,2.0,5.0,0.0311555398866,0.950923236085,0.97152911680320786
CPXM1,2.0,9.0,-0.0135000727576,0.950796840278,0.97152911680320786
PIP5K1C,-2.0,6.0,0.0365954966755,0.950631823273,0.97152911680320786
MRPS34,2.0,5.0,0.0224687205894,0.950100930564,0.97152911680320786
CHTF18,2.0,7.0,-0.0358205986554,0.952226790009,0.97208075676148331
CA3,2.0,16.0,0.014332903787,0.955974604492,0.9751247367931356
MRPL47,2.0,40.0,-0.00644309352937,0.959146248085,0.97679453904961711
PSMB9,2.0,5.0,0.0103105703068,0.958599645426,0.97679453904961711
PDHA1,2.0,5.0,-0.0181640520331,0.962539557129,0.97820729218000813
SLC39A6,2.0,6.0,0.0278387272693,0.961421364065,0.97820729218000813
ITGB5,2.0,6.0,0.013228793403,0.962838756561,0.97820729218000813
ASH1L,2.0,14.0,0.0118811590137,0.965202957607,0.97982724484317674
ADAM15,2.0,22.0,0.0136719787008,0.965997476183,0.97985242006486639
KIF5B,2.0,7.0,-0.0157378556514,0.973066753012,0.98623724250372979
HRG,2.0,6.0,2.8387836672e-17,0.973866483451,0.98626255643059491
SLC7A5,-2.0,7.0,-0.0138462683926,0.975527488352,0.98637529203497787
CYFIP1,-2.0,7.0,-0.0175547163864,0.974960603492,0.98637529203497787
FOLR2,2.0,5.0,0.0100826950655,0.978251070862,0.98677782346067144
COX6A1,2.0,6.0,-0.0159118566528,0.977659824257,0.98677782346067144
MAGOHB,2.0,19.0,0.00690899443921,0.977198526482,0.98677782346067144
WDR75,2.0,13.0,0.00593436873006,0.979185149471,0.98693800101117035
TELO2,2.0,5.0,0.0106313795315,0.986161529957,0.99318324971185901
RPL38,2.0,15.0,0.00549507623964,0.987247005252,0.99349046457334134
CHERP,2.0,22.0,-0.00322638084761,0.988701750279,0.99416850561231074
DDX6,2.0,6.0,-0.00747660841988,0.989570090538,0.99425629459737574
H1F0,2.0,5.0,-0.0065104239364,0.992028658129,0.99594044305820606
SUPT16H,2.0,8.0,-0.00261398288249,0.993656765272,0.99600398597766737
CFHR5,2.0,7.0,0.00116521923212,0.992930490846,0.99600398597766737
PHB2,2.0,25.0,-0.00113087469373,0.996302950416,0.99787069699433906
FAM103A1,2.0,11.0,-0.000316668564862,0.999362735465,0.99936273546521048
PSMB4,2.0,29.0,0.000330265985089,0.998884049556,0.99936273546521048
