pathway,logoddratios,pvalue,fdr,name
928,0.75893093983,7.85341549954e-09,6.34555972363e-06,SCRIB-VANGL2 complex
5360,0.728967716453,7.16448648221e-08,2.89445253881e-05,AGO2-FXR1-TNF(alpha)ARE-RNP complex
926,0.696783033082,5.85155533841e-07,0.000157601890448,SCRIB-LGL2 complex
5318,0.592276837491,1.26472083252e-06,0.000255473608168,DDEF1-CTTN-PXN complex
930,0.562313614114,7.61418778915e-06,0.00102537728894,Scrib-beta-PIX-GIT1 complex
4997,0.562313614114,7.61418778915e-06,0.00102537728894,p97/VCP-VIMP-DERL1 complex
4976:4977,0.624232365933,2.75800486529e-05,0.00318352561593,SVIP-p97/VCP-DERL1 complex
5282,0.530128930742,4.10793663907e-05,0.00414901600546,CAS-SRC-FAK complex
994,0.416911720408,9.47538489434e-05,0.00850678999403,GAA1-GPI8-PIGT-PIG-PIGS complex
127,0.446671383021,0.000157048267753,0.0114242130876,NDC80 kinetochore complex
353,0.495366824483,0.000197944286172,0.0114242130876,DNA ligase IV-condensin complex
955,0.495366824483,0.000197944286172,0.0114242130876,LLGL2-PAR-6B-PRKCI complex
860,0.495366824483,0.000197944286172,0.0114242130876,DNMT1-G9a-PCNA complex
2726,0.495366824483,0.000197944286172,0.0114242130876,PXN-ITGB5-PTK2 complex
5183,0.314097105803,0.000393657125951,0.0198796848605,DNA-PK-Ku-eIF2-NF90-NF45 complex
4999,0.388882996808,0.000373503535835,0.0198796848605,p97/VCP-VIMP-DERL1-DERL2-HRD1-SEL1L complex
2896,0.414486699649,0.000630373641675,0.0254670951237,ITGA2b-ITGB3-CD47-FAK complex
5450,0.183364866054,0.000592574344525,0.0254670951237,Mediator complex
234,0.414486699649,0.000630373641675,0.0254670951237,HuCHRAC complex
165,0.414486699649,0.000630373641675,0.0254670951237,Cohesin-SA1 complex
156,0.457578263594,0.000848575125677,0.0298108131107,Retrotranslocation complex
1192,0.457578263594,0.000848575125677,0.0298108131107,ESCRT-I complex
3269,0.457578263594,0.000848575125677,0.0298108131107,RB1-HDAC1-BRG1 complex
5199,0.228139682423,0.0013255457071,0.0428416372534,Kinase maturation complex 1
123,0.290616009953,0.00127521697614,0.0428416372534,Rnase/Mrp complex
315,0.144110364737,0.00153998346655,0.046085431147,"28S ribosomal subunit, mitochondrial"
626,0.271575605613,0.00148406523435,0.046085431147,LSD1 complex
2598,0.37972459339,0.00226365151288,0.060967680747,NELF complex (Negative elongation factor complex)
304,0.318724579293,0.00217550130391,0.060967680747,SRCAP-associated chromatin remodeling complex
5234,0.37972459339,0.00226365151288,0.060967680747,IKBKB-CDC37-KIAA1967-HSP90AB1-HSP90AA1 complex
1175,0.485929667767,0.00346068247924,0.0635507146187,TRRAP-BAF53-HAT complex
5244,0.485929667767,0.00346068247924,0.0635507146187,Dolichol-phosphate mannose (DPM) synthase
4869,0.485929667767,0.00346068247924,0.0635507146187,beta(1)-AR receptosome (ADRB1-SAP97-AKAP79-PRKAR2A)
2233,0.485929667767,0.00346068247924,0.0635507146187,Replication-coupled CAF-1-MBD1-ETDB1 complex
2895,0.485929667767,0.00346068247924,0.0635507146187,SHC-GRB2 complex
862,0.485929667767,0.00346068247924,0.0635507146187,DNMT1-G9a complex
2749,0.485929667767,0.00346068247924,0.0635507146187,SETDB1-containing HMTase complex
3080,0.485929667767,0.00346068247924,0.0635507146187,ILF3-XPO5 complex
5239,0.485929667767,0.00346068247924,0.0635507146187,CAP(C)-CAP(E) complex
1147,0.288696270444,0.00302788747537,0.0635507146187,"Polyadenylation complex (CSTF1, CSTF2, CSTF3, SYMPK CPSF1, CPSF2, CPSF3)"
757,0.485929667767,0.00346068247924,0.0635507146187,Prune-GSK3beta complex
5381,0.416185578435,0.00322187711559,0.0635507146187,"RNA-induced silencing complex, RISC"
959,0.416185578435,0.00322187711559,0.0635507146187,LLGL1-PAR-6B-PRKCI complex
3133,0.485929667767,0.00346068247924,0.0635507146187,"Phosphatidylinositol 3-kinase (PIK3CA, PIK3R1)"
1097,0.208834527227,0.00370220590204,0.0650300514967,"eIF3 complex (EIF3S6, EIF3S5, EIF3S4, EIF3S3, EIF3S6IP, EIF3S2, EIF3S9, EIF3S12,  EIF3S10, EIF3S8,  EIF3S1, EIF3S7, PCID1)"
5266,0.208834527227,0.00370220590204,0.0650300514967,TNF-alpha/NF-kappa B signaling complex 6
799,0.248094509763,0.00423540766459,0.0728129658083,DMAP1-associated complex
230,0.144911414634,0.00529484252447,0.0891298491619,Mediator complex
2203,0.288761355915,0.00639046396732,0.105377446645,BRD4-RFC complex
639,0.341936032501,0.00724855628127,0.110506291986,RANBPM-Muskelin-TWA1-HSMpp8 complex
166,0.341936032501,0.00724855628127,0.110506291986,Cohesin-SA2 complex
3032,0.341936032501,0.00724855628127,0.110506291986,"RNA-induced silencing complex, RISC"
160,0.341936032501,0.00724855628127,0.110506291986,Condensin II
529,0.184675897794,0.00812946658501,0.12164090742,NuA4/Tip60 HAT complex
116,0.260667546844,0.00839269052083,0.12329625347,"Polycomb repressive complex 1 (PRC1, hPRC-H)"
469,0.239463487506,0.00996999151346,0.143852734694,TFIID-beta complex
1223,0.210842322807,0.0113524211367,0.144774909157,"H2AX complex, isolated from cells without IR exposure"
2238,0.370428087875,0.0107783807722,0.144774909157,MBD1-MCAF1-SETDB1 complex
3853,0.427937720789,0.0130799113471,0.144774909157,Rb-HDAC1 complex
867,0.210842322807,0.0113524211367,0.144774909157,TRAP-SMCC mediator complex
4395,0.370428087875,0.0107783807722,0.144774909157,"EIF3 complex (EIF3B, EIF3G, EIF3I)"
1153,0.194061562461,0.0104597106756,0.144774909157,Integrator complex
3070,0.2919729838,0.0120938162535,0.144774909157,CTF18-cohesion-RFC-POLH complex
3207,0.427937720789,0.0130799113471,0.144774909157,LIN2-LIN7-SAP97-MINT1 complex
5293,0.427937720789,0.0130799113471,0.144774909157,ETS2-SMARCA4-INI1 complex
2322,0.370428087875,0.0107783807722,0.144774909157,ITGA6-ITGB4-LAMA5 complex
1172,0.427937720789,0.0130799113471,0.144774909157,CBC complex (cap binding complex)
4043,0.427937720789,0.0130799113471,0.144774909157,NEMO-HIF2(alpha)-ARNT complex
3079,0.427937720789,0.0130799113471,0.144774909157,DGCR8-ILF3 complex
1123,0.427937720789,0.0130799113471,0.144774909157,WNK1-SPAk complex
5849,0.427937720789,0.0130799113471,0.144774909157,HSP90-CDC37-LRRK2 complex
238,0.210842322807,0.0113524211367,0.144774909157,SWI-SNF chromatin remodeling-related-BRCA1 complex
157,0.2919729838,0.0120938162535,0.144774909157,Condensin I complex
739,0.162624661811,0.0160783577242,0.17555828434,SIN3-ING1b complex II
2797,0.256576672544,0.0169015686285,0.179690361208,PCNA-CHL12-RFC2-5 complex
5378,0.256576672544,0.0169015686285,0.179690361208,"TRBP containing complex (DICER, TRBP, AGO2, RPL7A, EIF6, MOV10)"
159,0.230704323467,0.0210155237287,0.214943584466,Condensin I-PARP-1-XRCC1 complex
781,0.230704323467,0.0210155237287,0.214943584466,URI complex (Unconventional prefoldin RPB5 Interactor)
3096,0.300543347343,0.020623205294,0.214943584466,ITGA6-ITGB4-SHC1-GRB2 complex
189,0.17178516775,0.0240527004224,0.242932274266,BAF complex
2728,0.319275565427,0.0315850653301,0.250203262615,SRC-1 complex
2359,0.319275565427,0.0315850653301,0.250203262615,ITGAV-ITGB3-ADAM15 complex
1174,0.319275565427,0.0315850653301,0.250203262615,PHAX-CBC complex (cap binding complex)
2910,0.319275565427,0.0315850653301,0.250203262615,PLC-gamma-2-Lyn-FcR-gamma complex
2346,0.319275565427,0.0315850653301,0.250203262615,ITGAV-ITGB5-ADAM9 complex
207:209:208:210:211,0.319275565427,0.0315850653301,0.250203262615,"Ubiquitin E3 ligase (ASB2, TCEB1, TCEB2, CUL5, RNF7)"
723,0.319275565427,0.0315850653301,0.250203262615,MAF1 complex
2528,0.319275565427,0.0315850653301,0.250203262615,ERBB2-MEMO-SHC complex
929,0.108594241265,0.0293490362517,0.250203262615,CEN complex
1144,0.25418442291,0.0309310720279,0.250203262615,Cleavage and polyadenylation factor (CPSF)
5285,0.25418442291,0.0309310720279,0.250203262615,TNF-alpha/NF-kappa B signaling complex 9
2938,0.319275565427,0.0315850653301,0.250203262615,"Ecsit complex (ECSIT, NDUFS3, TOM20)"
5449,0.25418442291,0.0309310720279,0.250203262615,Splicing-associated factors complex
3071,0.25418442291,0.0309310720279,0.250203262615,CTLH complex
1173,0.319275565427,0.0315850653301,0.250203262615,TIP49-TIP48-BAF53 complex
847,0.319275565427,0.0315850653301,0.250203262615,RICH1-PAR3-aPKC polarity complex
1239,0.186018739082,0.0262872470612,0.250203262615,EBAFb complex
1332,0.128302267971,0.0306329012673,0.250203262615,Large Drosha complex
1237,0.196941987316,0.0257935471526,0.250203262615,BAF complex
2770,0.319275565427,0.0315850653301,0.250203262615,ITGA6-ITGB4-CD9 complex
492,0.186018739082,0.0262872470612,0.250203262615,DA complex
493,0.177831616232,0.0256405250684,0.250203262615,DAB complex
5805,0.360990931158,0.0422757596636,0.287048855531,PGAM5-KEAP1-NRF2 complex
631,0.360990931158,0.0422757596636,0.287048855531,Tacc1-chTOG-AuroraA  complex
3099,0.360990931158,0.0422757596636,0.287048855531,TIM50a-coilin complex
906,0.360990931158,0.0422757596636,0.287048855531,ADAR1-CDK2 complex
2860,0.360990931158,0.0422757596636,0.287048855531,DSIF complex (DRB sensitivity-inducing factor complex)
2723,0.360990931158,0.0422757596636,0.287048855531,ATM-NBS1 complex
756,0.360990931158,0.0422757596636,0.287048855531,Prune-Gelsolin complex
879,0.360990931158,0.0422757596636,0.287048855531,PRKAC-AKAP5-ADRB1 complex
875,0.360990931158,0.0422757596636,0.287048855531,"SNARE complex (VAMP3, VAMP4, STX16)"
1132,0.360990931158,0.0422757596636,0.287048855531,RFC2-RIalpha complex
1155,0.143283212635,0.0405845845745,0.287048855531,Integrator-RNAPII complex
5663,0.360990931158,0.0422757596636,0.287048855531,TRIM27-RB1 complex
5828,0.360990931158,0.0422757596636,0.287048855531,IKBKG-IKBKB  complex
5267:5270,0.360990931158,0.0422757596636,0.287048855531,VHL-VDU1-TCEB1-TCEB2 complex
213,0.360990931158,0.0422757596636,0.287048855531,DNA ligase IV-XRCC1 complex
613,0.360990931158,0.0422757596636,0.287048855531,CTF18-CTF8-DCC1-RFC3 complex
1231,0.221814566285,0.0401840313673,0.287048855531,FIB-associated protein complex
652,0.145165447358,0.0458915355472,0.309003006018,AP3-BLOC1 complex
302,0.198519640095,0.0474958913672,0.317162646485,INO80 chromatin remodeling complex
4389,0.254785856782,0.0519326563248,0.320317452752,"EIF3 core complex (EIF3A, EIF3B, EIF3G, EIF3I)"
2601,0.254785856782,0.0519326563248,0.320317452752,P-TEFb-BRD4-TRAP220 complex
621,0.254785856782,0.0519326563248,0.320317452752,AKAP250-PKA-PDE4D complex
535,0.1483040719,0.0503896953126,0.320317452752,TRAP complex
877,0.254785856782,0.0519326563248,0.320317452752,"SNARE complex (VAMP4, STX6, STX16, VTI1a, VTI1b)"
642,0.1483040719,0.0503896953126,0.320317452752,CtBP complex
2218,0.254785856782,0.0519326563248,0.320317452752,MDC1-MRE11-RAD50-NBS1 complex
2535,0.254785856782,0.0519326563248,0.320317452752,"SLP-76-Cbl-Grb2-Shc complex, Fc receptor gamma-R1 stimulated"
741,0.254785856782,0.0519326563248,0.320317452752,NCOR-HDAC3 complex
270,0.254785856782,0.0519326563248,0.320317452752,RAD17-RFC complex
149,0.153008032507,0.0536721821102,0.326068595075,PBAF complex (Polybromo- and BAF containing complex)
789,0.153008032507,0.0536721821102,0.326068595075,Exosome
1252,0.159689800359,0.0553400905174,0.326385351373,EBAFa complex
470,0.159689800359,0.0553400905174,0.326385351373,TFTC complex (TATA-binding protein-free TAF-II-containing complex)
822,0.168913263716,0.0550327728143,0.326385351373,"mRNA decay complex (UPF1, UPF2, UPF3B, DCP2, XRN1, XRN2, EXOSC2, EXOSC4, EXOSC10, PARN)"
1154,0.159689800359,0.0553400905174,0.326385351373,DSS1 complex
1261,0.212791737752,0.0705760217702,0.396009899933,SRm160/300 complex
2217,0.212791737752,0.0705760217702,0.396009899933,MDC1-MRN-ATM-FANCD2 complex
5253,0.212791737752,0.0705760217702,0.396009899933,MNK1-eIF4F complex
996,0.212791737752,0.0705760217702,0.396009899933,Polycomb repressive complex 2 (PRC2)
2318,0.212791737752,0.0705760217702,0.396009899933,ITGA6-ITGB4-Laminin10/12 complex
2319,0.212791737752,0.0705760217702,0.396009899933,ITGA6-ITGB4-Laminin10/12 complex
4392,0.212791737752,0.0705760217702,0.396009899933,"EIF3 complex (EIF3A, EIF3B, EIF3G, EIF3I, EIF3C)"
5361,0.26128361845,0.0805538644728,0.442772261864,"Cell division cycle complex (CDC27, CDC16, ANAPC7)"
5695,0.26128361845,0.0805538644728,0.442772261864,TIP5-DNMT-HDAC1 complex
997,0.26128361845,0.0805538644728,0.442772261864,KIN17-PCNA-RPA70 complex
5212,0.184026005395,0.0857594508536,0.455879186116,Kinase maturation complex 2
112,0.184026005395,0.0857594508536,0.455879186116,Prefoldin complex
2727,0.184026005395,0.0857594508536,0.455879186116,SRC-3 complex
814,0.184026005395,0.0857594508536,0.455879186116,Postsplicing complex
49,0.184026005395,0.0857594508536,0.455879186116,DNMT3B complex
974,0.203633334334,0.115290352229,0.490935897957,EED-EZH2 complex
1170,0.203633334334,0.115290352229,0.490935897957,cMYC-ATPase-helicase complex
798,0.123480488175,0.0962777678519,0.490935897957,NuA4/Tip60-HAT complex A
23,0.149286857157,0.103676928688,0.490935897957,BLOC-1 (biogenesis of lysosome-related organelles complex 1)
1130,0.281809685111,0.115442847292,0.490935897957,Hip1R-cortactin complex
3677,0.281809685111,0.115442847292,0.490935897957,RIN1-STAM2-HRS complex
472,0.281809685111,0.115442847292,0.490935897957,Prolyl 4-hydroxylase (alpha(I)-type)
12,0.281809685111,0.115442847292,0.490935897957,BLOC-2 (biogenesis of lysosome-related organelles complex 2)
654,0.131661076759,0.105985594732,0.490935897957,BLOC1-BLOC2 complex
836:825,0.281809685111,0.115442847292,0.490935897957,20S methyltransferase core complex
1148,0.203633334334,0.115290352229,0.490935897957,snRNP-free U1A (SF-A) complex
787,0.163757533836,0.0968158795503,0.490935897957,NuA4/Tip60-HAT complex B
5529,0.281809685111,0.115442847292,0.490935897957,TRAF2-cIAP1/BIRC2 complex
1104,0.203633334334,0.115290352229,0.490935897957,"SNX complex (SNX1a, SNX2, SNX4, TFRC)"
5380,0.080453425407,0.107909856397,0.490935897957,"TRBP containing complex (DICER, RPL7A, EIF6, MOV10 and subunits of the 60S ribosomal particle)"
2323:2321,0.281809685111,0.115442847292,0.490935897957,ITGA6-ITGB4 complex
214,0.203633334334,0.115290352229,0.490935897957,"Ubiquitin E3 ligase (WSB1, TCEB1, TCEB2, CUL5, RBX1)"
5373,0.281809685111,0.115442847292,0.490935897957,"Chromatin remodeling complex (TACC2, TACC3, PCAF)"
58,0.203633334334,0.115290352229,0.490935897957,SMRT complex
100,0.203633334334,0.115290352229,0.490935897957,hNURF complex
727,0.123480488175,0.0962777678519,0.490935897957,CSA complex
1085:1086,0.203633334334,0.115290352229,0.490935897957,DNA repair complex NEIL2-PNK-Pol(beta)-LigIII(alpha)-XRCC1
2858:1352:2848:2847,0.281809685111,0.115442847292,0.490935897957,HBO1 complex
1400,0.163757533836,0.0968158795503,0.490935897957,ASCOM complex
312,0.281809685111,0.115442847292,0.490935897957,Cell cycle kinase complex CDK4
5919,0.138950040338,0.106593531187,0.490935897957,BRAF-RAF1-14-3-3 complex
5286,0.131661076759,0.105985594732,0.490935897957,TNF-alpha/NF-kappa B signaling complex 10
274,0.163757533836,0.0968158795503,0.490935897957,RAD17-RFC-9-1-1 checkpoint supercomplex
755,0.203633334334,0.115290352229,0.490935897957,Exon junction complex (F4A3-MLN51-UPF3B-MAGOH-Y14-PYM)
2445,0.281809685111,0.115442847292,0.490935897957,ITGA9-ITGB1-ADAM15 complex
2198,0.203633334334,0.115290352229,0.490935897957,RAD9-RAD1-HUS1-POLB complex
2893,0.281809685111,0.115442847292,0.490935897957,BCR-ABL (p210 fusion protein)-GRB2-SOS1 complex
923,0.281809685111,0.115442847292,0.490935897957,SNF2L-RSF1 complex
2936,0.203633334334,0.115290352229,0.490935897957,"Ecsit complex (ECSIT, MT-CO2, GAPDH, TRAF6, NDUFAF1)"
921,0.281809685111,0.115442847292,0.490935897957,Remodeling and spacing factor (RSF) complex
311,0.281809685111,0.115442847292,0.490935897957,Cell cycle kinase complex CDK2
3065,0.138950040338,0.106593531187,0.490935897957,"RNA polymerase II complex, chromatin structure modifying"
5749,0.281809685111,0.115442847292,0.490935897957,MRIT complex
620,0.167034247192,0.143343602231,0.587927058896,CoREST-HDAC complex
2815,0.167034247192,0.143343602231,0.587927058896,BRCA1-BARD1-BACH1-DNA damage complex II
4403,0.167034247192,0.143343602231,0.587927058896,"EIF3 complex (EIF3A, EIF3B, EIF3G, EIF3I, EIF3J)"
15,0.167034247192,0.143343602231,0.587927058896,NCOR complex
713,0.0975257220748,0.140681304243,0.587927058896,BRG1-SIN3A complex
2799,0.167034247192,0.143343602231,0.587927058896,RFC complex
1176,0.167034247192,0.143343602231,0.587927058896,CRM1-RAN-PHAX-CBC complex (cap binding complex)
728,0.0968607677832,0.155322645727,0.630656772599,CSA-POLIIa complex
726,0.0968607677832,0.155322645727,0.630656772599,DDB2 complex
2174,0.106765356967,0.187584440876,0.648491677388,COP9 signalosome complex
320,0.0360296534314,0.166583662913,0.648491677388,"55S ribosome, mitochondrial"
2236,0.142633320237,0.164117375985,0.648491677388,ASF1-histone containing complex
1186,0.101697853382,0.184868085166,0.648491677388,ESCRT-III complex
5762,0.194336828819,0.177590044501,0.648491677388,"CRMP-MICAL-PlexinA1 complex, induced by SEMA3A"
2183,0.114524750897,0.185531093783,0.648491677388,Kaiso-NCOR complex
5614,0.0703103209936,0.187805758055,0.648491677388,Emerin complex 32
300,0.101697853382,0.184868085166,0.648491677388,PC2 complex
5844,0.194336828819,0.177590044501,0.648491677388,I-kappa-B kinase (IKK) complex
1146:2211,0.194336828819,0.177590044501,0.648491677388,Cleavage stimulation factor
633,0.114524750897,0.185531093783,0.648491677388,anti-BHC110 complex
2877,0.194336828819,0.177590044501,0.648491677388,BRD4-P-TEFb complex
282,0.0787270105007,0.183122817515,0.648491677388,SNF2h-cohesin-NuRD complex
761,0.194336828819,0.177590044501,0.648491677388,"Apoptosis- and splicing-associated protein complex (ASAP-S), SAP18-RNPS1-Acinus-S"
806,0.097151549453,0.168030630135,0.648491677388,BRM-SIN3A-HDAC complex
650,0.114524750897,0.185531093783,0.648491677388,HDAC2-asscociated core complex
1187,0.194336828819,0.177590044501,0.648491677388,ESCRT-II complex
4478,0.194336828819,0.177590044501,0.648491677388,CBF-DNA complex
2939,0.194336828819,0.177590044501,0.648491677388,"Ecsit complex (ECSIT, MT-CO2, NDUFA1, MT-ND1, TRAF6, NDUFAF1)"
622,0.194336828819,0.177590044501,0.648491677388,"Ubiquitin E3 ligase (VHL, TCEB1, TCEB2, CUL2)"
778,0.0703103209936,0.187805758055,0.648491677388,LARC complex (LCR-associated remodeling complex)
1211,0.142633320237,0.164117375985,0.648491677388,"Ubiquitin E3 ligase (AHR, ARNT, DDB1, TBL3, CUL4B, RBX1)"
2362,0.194336828819,0.177590044501,0.648491677388,ITAGV-ITGB3-F11R complex
1134,0.194336828819,0.177590044501,0.648491677388,ATR-HDAC2-CHD4 complex
2767:173:964,0.194336828819,0.177590044501,0.648491677388,RAD50-MRE11-NBN-p200-p350 complex
3714,0.194336828819,0.177590044501,0.648491677388,Pericentrin-GCP complex
2384,0.194336828819,0.177590044501,0.648491677388,ITGA5-ITGB1-ADAM15 complex
433,0.101697853382,0.184868085166,0.648491677388,BASC complex (BRCA1-associated genome surveillance complex)
5177,0.101697853382,0.184868085166,0.648491677388,"Polycystin-1 multiprotein complex (ACTN1, CDH1, SRC, JUP, VCL, CTNNB1, PXN, BCAR1, PKD1, PTK2, TLN1)"
1230,0.097151549453,0.168030630135,0.648491677388,WINAC complex
232,0.097151549453,0.168030630135,0.648491677388,ARC complex
5921,0.194336828819,0.177590044501,0.648491677388,KSR1-BRAF-MEK complex
2600,0.114524750897,0.185531093783,0.648491677388,BRD4 complex
685,0.106765356967,0.187584440876,0.648491677388,MeCP1 complex
5451,0.194336828819,0.177590044501,0.648491677388,MED18-MED20-MED29 mediator subcomplex
714,0.0754744860918,0.206912186227,0.711425729665,BRM-SIN3A complex
2377,0.145641387357,0.224830517306,0.747584600753,ITGA2b-ITGB3-CD47-SRC complex
2719,0.145641387357,0.224830517306,0.747584600753,Casein kinase II-HMG1 complex
2922,0.145641387357,0.224830517306,0.747584600753,"LAT-PLC-gamma-1-p85-GRB2-SOS signaling complex, C305 activated"
362,0.145641387357,0.224830517306,0.747584600753,DNA ligase III-XRCC1-PNK-DNA-pol III multiprotein complex
2235,0.145641387357,0.224830517306,0.747584600753,ASF1-interacting protein complex
297,0.145641387357,0.224830517306,0.747584600753,PCNA-DNA polymerase delta complex
5117,0.145641387357,0.224830517306,0.747584600753,"pRb2/p130-multimolecular complex (DNMT1, E2F4, SuV39H1, HDAC1, RBL2)"
1093,0.145641387357,0.224830517306,0.747584600753,"SNX complex (SNX1a, SNX2, SNX4, INSR)"
5798,0.184899672103,0.262731613776,0.750131250638,"Death induced signaling complex II (FADD, CASP8, CFLAR), cytosolic, CD95L induced"
2440,0.184899672103,0.262731613776,0.750131250638,ITGA9-ITGB1-ADAM9 complex
59,0.115881724744,0.258749956274,0.750131250638,AP3 adapter complex
5589:5593,0.184899672103,0.262731613776,0.750131250638,"LINC complex, S-phase"
660,0.184899672103,0.262731613776,0.750131250638,"TIM (TIMM23, TIMM50) complex, mitochondrial"
783,0.184899672103,0.262731613776,0.750131250638,ITCH-FAM/USP9x complex
3297,0.184899672103,0.262731613776,0.750131250638,"SMN complex (GEMIN6,7, UNRIP), SMN-independent intermediate"
1181,0.0285930973122,0.229098968218,0.750131250638,C complex spliceosome
2348:2350:2345,0.184899672103,0.262731613776,0.750131250638,ITGAV-ITGB5-CYR61 complex
313,0.184899672103,0.262731613776,0.750131250638,Cell cycle kinase complex CDK5
153,0.184899672103,0.262731613776,0.750131250638,TFIIF complex (transcription factor IIF)
32,0.0554083499075,0.249071941232,0.750131250638,PA700 complex
1055,0.184899672103,0.262731613776,0.750131250638,ZNF198-PML complex
1056,0.184899672103,0.262731613776,0.750131250638,ZNF198-SUMO1 complex
3120,0.184899672103,0.262731613776,0.750131250638,OCT1-OBF1-DNA-TLE1 complex
3128:3271:45:466,0.184899672103,0.262731613776,0.750131250638,"Gamma-secretase complex (APH1B, PSEN1, PSENEN, NCSTN)"
5099,0.184899672103,0.262731613776,0.750131250638,RB1(hypophosphorylated)-E2F4 complex
1160,0.184899672103,0.262731613776,0.750131250638,ING1-p300-PCNA complex
525,0.115881724744,0.258749956274,0.750131250638,TIP60 histone acetylase complex
2537,0.184899672103,0.262731613776,0.750131250638,"PKC-alpha-PLD1-PLC-gamma-2 signaling complex, lacritin stimulated"
324,0.0374908615431,0.237378769966,0.750131250638,"39S ribosomal subunit, mitochondrial"
429,0.184899672103,0.262731613776,0.750131250638,"Phosphatidylinositol 3-kinase complex (PIK3C3, PIK3R4)"
635,0.184899672103,0.262731613776,0.750131250638,AGPS-GNPAT complex
285:424,0.184899672103,0.262731613776,0.750131250638,PCNA-MLH1-PMS1 complex
345,0.184899672103,0.262731613776,0.750131250638,DNA ligase IV-XRCC4 complex (LX complex)
180,0.184899672103,0.262731613776,0.750131250638,PNUTS-PP1 complex
5611,0.0727021383498,0.229547566959,0.750131250638,Emerin complex 24
394,0.184899672103,0.262731613776,0.750131250638,"Succinyl-CoA synthetase, ADP-forming"
812,0.184899672103,0.262731613776,0.750131250638,"Upf complex (UPF1, UPF2, UPF3a)"
191,0.0727021383498,0.229547566959,0.750131250638,20S proteasome
2563,0.184899672103,0.262731613776,0.750131250638,FGFR2-c-Cbl-Lyn-Fyn complex
5225,0.184899672103,0.262731613776,0.750131250638,"Casein kinase II (beta-dimer, alpha-dimer)"
2923,0.184899672103,0.262731613776,0.750131250638,SHARP-CtBP1-CtIP complex
3098,0.184899672103,0.262731613776,0.750131250638,TIM50a-SMN1 complex
280,0.115881724744,0.258749956274,0.750131250638,HMGB1-HMGB2-HSC70-ERP60-GAPDH complex
1372,0.184899672103,0.262731613776,0.750131250638,Rb-tal-1-E2A-Lmo2-Ldb1 complex
1121,0.184899672103,0.262731613776,0.750131250638,WNK1-OSR1 complex
5756,0.184899672103,0.262731613776,0.750131250638,SUA1-UBA2 complex
1656,0.184899672103,0.262731613776,0.750131250638,p27-cyclinE-CDK2 complex
2759,0.184899672103,0.262731613776,0.750131250638,MBD1-MCAF complex
301,0.0691228258528,0.268473742622,0.763826704362,SMCC complex
5233,0.0486662921569,0.269721770876,0.764684880237,TNF-alpha/NF-kappa B signaling complex 5
2755,0.0405697728303,0.271088558067,0.765872569643,17S U2 snRNP
5608,0.0968758296763,0.281558838718,0.779108019467,Emerin architectural complex
5269,0.0968758296763,0.281558838718,0.779108019467,TNF-alpha/NF-kappa B signaling complex 8
387,0.0968758296763,0.281558838718,0.779108019467,MCM complex
5268,0.0968758296763,0.281558838718,0.779108019467,TNF-alpha/NF-kappa B signaling complex 7
3102,0.0968758296763,0.281558838718,0.779108019467,DHX9-ADAR-vigilin-DNA-PK-Ku antigen complex
1199,0.0968758296763,0.281558838718,0.779108019467,Oligosaccharyltransferase complex (Stt3A variant)
3082,0.0686871468068,0.283359167201,0.781413676104,DGCR8 multiprotein complex
1227,0.0845762877886,0.295157253819,0.79231581756,H2AX complex II
785,0.0845762877886,0.295157253819,0.79231581756,Exon junction complex
649,0.0695131700103,0.294257562903,0.79231581756,HDAC1-associated core complex cII
36:144,0.0845762877886,0.295157253819,0.79231581756,AP1 adaptor complex
117,0.0845762877886,0.295157253819,0.79231581756,GPR56-CD81-Galphaq/11-Gbeta complex
549,0.0695131700103,0.294257562903,0.79231581756,DRIP complex
3066,0.0695131700103,0.294257562903,0.79231581756,"RNA polymerase II complex, chromatin structure modifying"
1256,0.0845762877886,0.295157253819,0.79231581756,MLL-HCF complex
1003,0.0767361900081,0.301050886216,0.797538085452,RC complex (Replication competent complex)
738,0.0767361900081,0.301050886216,0.797538085452,SIN3-ING1b complex I
5195,0.0767361900081,0.301050886216,0.797538085452,PTIP-HMT complex
284,0.0720032507075,0.300428928067,0.797538085452,CRSP complex
3262,0.115155582771,0.336291526992,0.808701053005,SCAMP1-SCAMP2-SCAMP3 complex
223,0.115155582771,0.336291526992,0.808701053005,CAND1-CUL4A-RBX1 complex
2382,0.115155582771,0.336291526992,0.808701053005,ITGA2B-ITGB3-F11R complex
2542,0.115155582771,0.336291526992,0.808701053005,EGFR-CBL-GRB2 complex
2921,0.115155582771,0.336291526992,0.808701053005,SHARP-CtBP complex
5531,0.115155582771,0.336291526992,0.808701053005,Tumor necrosis factor receptor 1 signaling complex
3055,0.0181866863653,0.321334439233,0.808701053005,Nop56p-associated pre-rRNA complex
2370,0.115155582771,0.336291526992,0.808701053005,ITGA2b-ITGB3-CD9 complex
2356:2355,0.115155582771,0.336291526992,0.808701053005,ITGB3-ITGAV-CD47 complex
3544,0.115155582771,0.336291526992,0.808701053005,COG2-COG3-COG4 subcomplex
194,0.0506509023668,0.315410353702,0.808701053005,PA28gamma-20S proteasome
3117,0.115155582771,0.336291526992,0.808701053005,ITGB5-ITGAV-VTN complex
2931,0.115155582771,0.336291526992,0.808701053005,SHARP-CtBP1-CtIP-RBP-Jkappa corepressor complex
2961,0.115155582771,0.336291526992,0.808701053005,"SLP-76-PLC-gamma-1-VAV complex, alpha-TCR stimulated"
5222,0.115155582771,0.336291526992,0.808701053005,p14-Mp1-MEK1 complex
813,0.115155582771,0.336291526992,0.808701053005,"Upf complex (UPF1, UPF2, UPF3b)"
5226,0.115155582771,0.336291526992,0.808701053005,p14-Mp1-ERK2 complex
2320,0.115155582771,0.336291526992,0.808701053005,ITGA6-ITGB4-CD151 complex
5280,0.115155582771,0.336291526992,0.808701053005,RAB9-TIP47-MPRI complex
286,0.115155582771,0.336291526992,0.808701053005,PCNA-MSH2-MSH6 complex
4399,0.115155582771,0.336291526992,0.808701053005,"EIF3 complex (EIF3B, EIF3J, EIF3I)"
2838,0.115155582771,0.336291526992,0.808701053005,AR coactivator complex
2909,0.115155582771,0.336291526992,0.808701053005,PLC-gamma-2-Syk-LAT-FcR-gamma complex
2577,0.115155582771,0.336291526992,0.808701053005,Sam68-p85 P13K-IRS-1-IR signaling complex
705,0.115155582771,0.336291526992,0.808701053005,"SNARE complex (RINT1, ZW10, p31)"
2352,0.115155582771,0.336291526992,0.808701053005,ITGAV-ITGB6-SPP1 complex
2255,0.115155582771,0.336291526992,0.808701053005,Cofilin-actin-CAP1 complex
2942,0.115155582771,0.336291526992,0.808701053005,"Ecsit complex (ECSIT, NDUFS3, NDUFAF1)"
5541,0.115155582771,0.336291526992,0.808701053005,"Ternary complex (TRAF2, FADD, TRADD)"
2347,0.115155582771,0.336291526992,0.808701053005,ITGAV-ITGB5-SPP1 complex
2358,0.115155582771,0.336291526992,0.808701053005,ITGAV-ITGB3-SPP1 complex
2536,0.0786945977262,0.384219859476,0.897253313458,PLC-gamma-2-SLP-76-Lyn-Grb2 complex
1379,0.0786945977262,0.384219859476,0.897253313458,GALNS-lysosomal hydrolase 1.27 MDa complex
5872,0.0786945977262,0.384219859476,0.897253313458,BRAF-MAP2K1-MAP2K2-YWHAE complex
4498,0.0786945977262,0.384219859476,0.897253313458,p32-CBF-DNA complex
585,0.0786945977262,0.384219859476,0.897253313458,Mi2/NuRD-BCL6-MTA3 complex
1214,0.0786945977262,0.384219859476,0.897253313458,"Ubiquitin E3 ligase (DET1, DDB1, CUL4A, RBX1, COP1)"
819,0.0786945977262,0.384219859476,0.897253313458,20S methylosome-SmD complex
627,0.0786945977262,0.384219859476,0.897253313458,MRN-TRRAP complex (MRE11A-RAD50-NBN-TRRAP complex)
2859,0.0786945977262,0.384219859476,0.897253313458,ING5 complex
2872,0.0786945977262,0.384219859476,0.897253313458,ITGA2b-ITGB3-CD9-GP1b-CD47 complex
192,0.0304223309262,0.407871487813,0.949741101304,PA28-20S proteasome
3551,0.0578897777665,0.415057875774,0.958190753216,COG1-COG8-COG2-COG3-COG4 subcomplex
834,0.0578897777665,0.415057875774,0.958190753216,20S methylosome and RG-containing Sm protein complex
5179,0.0578897777665,0.415057875774,0.958190753216,NCOA6-DNA-PK-Ku-PARP1 complex
288:287,0.0347510637511,0.428746577129,0.986972177551,ARC complex
1166,0.0457233072289,0.433580853937,0.992445693997,p400-associated complex
1226,0.0457233072289,0.433580853937,0.992445693997,H2AX complex I
732,0.0388187972279,0.442655890378,0.996784410607,SIN3 complex
5613,0.0243219636444,0.443857052118,0.996784410607,Emerin complex 25
1150,0.0353435048499,0.444111866112,0.996784410607,Histone H3.3 complex
910,0.0342146898181,0.439181419233,0.996784410607,CRSP-Mediator 2 complex
1149,0.0388187972279,0.442655890378,0.996784410607,Histone H3.1 complex
1189,0.0388187972279,0.442655890378,0.996784410607,DNA double-strand break end-joining complex
561,0.0388187972279,0.442655890378,0.996784410607,LSm1-7 complex
5861,0.0182455697633,0.544695261632,0.999993831105,FAS-FADD-CASP10 complex
1111,-0.100616772964,0.894820962758,0.999993831105,DNA synthesome complex (17 subunits)
1114,-0.857366679763,0.999724173716,0.999993831105,5S-DNA-TFIIIA-TFIIIC2-TFIIIB subcomplex
438,-0.787208262248,0.998918907036,0.999993831105,GCN5-TRRAP histone acetyltransferase complex
1116,-0.417160319225,0.934905361984,0.999993831105,CRM1-Survivin-AuroraB mitotic complex
4,-0.417160319225,0.934905361984,0.999993831105,Multisubunit ACTR coactivator complex
5546:5544:5545:310,0.0182455697633,0.544695261632,0.999993831105,CDC2-PCNA-CCNB1-GADD45G complex
2851,-0.266278931913,0.984709387421,0.999993831105,ING2 complex
5371,-0.116130323561,0.748734242284,0.999993831105,Grancalcin-sorcin complex
648,-0.106693166845,0.755774775147,0.999993831105,HDAC1-associated core complex cI
2911,-0.282784425901,0.910453712611,0.999993831105,SMRT-SKIP-CBF1 complex
5276,0.0599609354944,0.491514099067,0.999993831105,HIF1A-OS9-EGLN1 complex
5165,-0.417160319225,0.934905361984,0.999993831105,AP1G1-PACS1-FURIN complex
3046,-0.417160319225,0.934905361984,0.999993831105,hs4 enhancer complex (slow migrating complex)
3044,-0.106693166845,0.755774775147,0.999993831105,SKI-NCOR1-SIN3A-HDAC1 complex
2721,0.00336353136302,0.544466435721,0.999993831105,HCF-1 complex
3045,-0.222335397938,0.896807131971,0.999993831105,hs4 enhancer complex (faster migrating complex)
2720,0.0182455697633,0.544695261632,0.999993831105,Casein kinase II complex
41,-0.222335397938,0.896807131971,0.999993831105,Mi-2/NuRD-MTA2 complex
3040,-0.776410893207,0.999993831105,0.999993831105,Multisynthetase complex
3103,-0.106693166845,0.755774775147,0.999993831105,ITGAV-ITGB3-SLC3A2 complex
1095,-0.000486648321429,0.575553382035,0.999993831105,"SNX complex (SNX1a, SNX2, SNX4, EGFR)"
644,0.0599609354944,0.491514099067,0.999993831105,ASPP1-SAM68 complex
1090,-0.583814421565,0.983391981329,0.999993831105,APLG1-Rababtin5 complex
3034,-0.417160319225,0.934905361984,0.999993831105,PAC1-PAC2 complex
3151,0.0599609354944,0.491514099067,0.999993831105,Sulphiredoxin-peroxiredoxin complex
2849:2365:2364:2816,0.0599609354944,0.491514099067,0.999993831105,ITGAV-ITGB3-NOV complex
5521,0.0599609354944,0.491514099067,0.999993831105,EED-EZH polycomb complex
2998,0.0182455697633,0.544695261632,0.999993831105,Axin-PP2A A-PP2A C-GSK3-beta-beta-catenin complex
5228,-0.583814421565,0.983391981329,0.999993831105,REL-MAP3K8-RELA-TNIP2-PAPOLA complex
264,0.0599609354944,0.491514099067,0.999993831105,R/M complex (RAD50-MRE11 complex)
5495,-0.787208262248,0.998918907036,0.999993831105,"TFIIH transcription factor complex (ERCC2, ERCC3, GTF2H1, CDK7, CCNH, GTF2H2)"
1178,-0.255306688435,0.950544163697,0.999993831105,BCOR complex
1895,-0.417160319225,0.934905361984,0.999993831105,RICTOR-mTOR complex
938,-0.0882382579118,0.760483473733,0.999993831105,"FACT complex, UV-activated"
5646,0.0182455697633,0.544695261632,0.999993831105,FARP2-NRP1-PlexinA1 complex
81,-0.282784425901,0.910453712611,0.999993831105,"Ubiquitin E3 ligase (SKP1A, FBXW8, CUL7, RBX1)"
2853,-0.282784425901,0.910453712611,0.999993831105,ITGA5-ITGB1-CAL4A3 complex
3754,-0.282784425901,0.910453712611,0.999993831105,CREBBP-SMAD3-SMAD4 pentameric complex
3092,-0.417160319225,0.934905361984,0.999993831105,APP-TOMM40 complex
5609,-0.0104139857108,0.598412251697,0.999993831105,Emerin regulatory complex
1243,-0.116130323561,0.748734242284,0.999993831105,"Ubiquitin E3 ligase (SPOP, DAXX, CUL3)"
1245,0.0599609354944,0.491514099067,0.999993831105,Protein phosphatase 4 complex
2850,-0.583814421565,0.983391981329,0.999993831105,ITGA5-ITGB1-FN-1-NOV complex
1092,0.0182455697633,0.544695261632,0.999993831105,PCNA-KU antigen complex
5475,-0.417160319225,0.934905361984,0.999993831105,MURR1-NF(kappa)Bp65-IKBA complex
2401,-0.106693166845,0.755774775147,0.999993831105,ITGA3-ITGB1-THBS1 complex
764,-0.116130323561,0.748734242284,0.999993831105,Dysferlin-affixin complex
2991,-0.116130323561,0.748734242284,0.999993831105,"mTOR-signaling complex (mTOR/FRAP1, RAPTOR)"
5209,-0.556336684099,0.997119283778,0.999993831105,Ubiquilin-proteasome complex
2353:2354,0.0599609354944,0.491514099067,0.999993831105,ITGAV-ITGB6-TGFB3 complex
646,-0.229026744956,0.967007809297,0.999993831105,HDAC1-associated protein complex
2436,-0.116130323561,0.748734242284,0.999993831105,ITGAV-ITGB1 complex
3189,-0.417160319225,0.934905361984,0.999993831105,FHL2-CREB complex
1051:1052:2881:1260:2188:729:2191:1253,-0.583814421565,0.983391981329,0.999993831105,"Ubiquitin E3 ligase (SKP1A, SKP2, CUL1, RBX1)"
680,-0.417160319225,0.934905361984,0.999993831105,RANBMP-CD39 complex
2837,-0.0882382579118,0.760483473733,0.999993831105,Profilin 1 complex
743,-0.00303749713834,0.574594816786,0.999993831105,SIN3-SAP25 complex
3127,-0.0882382579118,0.760483473733,0.999993831105,TLE-Histone H3 complex
3298,-0.583814421565,0.983391981329,0.999993831105,"SMN complex (GEMIN2,5, SMN)"
5559,-0.417160319225,0.934905361984,0.999993831105,CDC2-CCNA2-CDK2 complex
2745,-0.106693166845,0.755774775147,0.999993831105,"Ubiquitin ligase complex (TRAF6, TAB2, MALT1, UEV1A, BCL10)"
3187,0.0599609354944,0.491514099067,0.999993831105,FHL2-FHL3 complex
5829,-0.417160319225,0.934905361984,0.999993831105,IKBKG-CHUK complex
2743,-0.116130323561,0.748734242284,0.999993831105,TRAF6-MALT1 complex
2842:3170,-0.116130323561,0.748734242284,0.999993831105,DAXX-Axin-p53-HIPK2 complex
2639,-0.199332142282,0.959388886781,0.999993831105,HES1 promoter-Notch enhancer complex
3552,-0.0882382579118,0.760483473733,0.999993831105,COG1-COG8-COG5-COG6-COG7 subcomplex
3190,-0.116130323561,0.748734242284,0.999993831105,FHL3-CREB complex
2744,-0.116130323561,0.748734242284,0.999993831105,TRAF2-MALT1 complex
330,-0.116130323561,0.748734242284,0.999993831105,PSF-p54(nrb) complex
3545,-0.106693166845,0.755774775147,0.999993831105,COG5-COG6-COG7 subcomplex
2945,-0.106693166845,0.755774775147,0.999993831105,RBP-Jkappa-RING1-KyoT2 complex
2843,-0.116130323561,0.748734242284,0.999993831105,ATRX-DAXX complex
2969,-0.282784425901,0.910453712611,0.999993831105,"mTORC2 complex (mTOR/FRAP1, LST8, mAVO3/RICTOR)"
918,-0.116130323561,0.748734242284,0.999993831105,PAR3-PAR6-PALS1 complex
2846,-0.106693166845,0.755774775147,0.999993831105,ITGAV-ITGB3-THBS1 complex
2962,-0.583814421565,0.983391981329,0.999993831105,CRK-BCAR1-DOCK1 complex
811,-0.216453707875,0.941464049963,0.999993831105,FCP1-associated protein complex
430,-0.0336699833333,0.707966234752,0.999993831105,18S U11/U12 snRNP
2589,0.0182455697633,0.544695261632,0.999993831105,PGC-1-SRp40-SRp55-SRp75 complex
2966,-0.417160319225,0.934905361984,0.999993831105,NuMA-LGN-G-alpha-i-1 complex
338,-0.0205500982045,0.705533461951,0.999993831105,"40S ribosomal subunit, cytoplasmic"
486,-0.158396675427,0.877151299044,0.999993831105,WIP-WASp-actin-myosin-IIa complex
359,0.0182455697633,0.544695261632,0.999993831105,DNA ligase IV-XRCC4-XLF complex
335,-0.282784425901,0.910453712611,0.999993831105,p54(nrb)-PSF-matrin3 complex
1254,-0.0792154293794,0.75763066432,0.999993831105,Menin-associated histone methyltransferase complex
3980,-0.106693166845,0.755774775147,0.999993831105,mTOR-RAPTOR complex
350,0.0182455697633,0.544695261632,0.999993831105,DNA ligase IV-XRCC4-PNK complex
351,-0.00246070387593,0.634711678979,0.999993831105,Spliceosome
336,0.0182455697633,0.544695261632,0.999993831105,DNA ligase IV-XRCC4-AHNK complex
355,-0.106693166845,0.755774775147,0.999993831105,DNA-PK-Ku antigen complex
4158,-0.106693166845,0.755774775147,0.999993831105,HSP90-FKBP38-CAM-Ca(2+) complex
5830,-0.417160319225,0.934905361984,0.999993831105,"DJ-1-SNCA complex, high molecular weight complex"
219,-0.282784425901,0.910453712611,0.999993831105,CAND1-CUL1-RBX1 complex
2434,-0.583814421565,0.983391981329,0.999993831105,ITGA1-ITGB1-COL6A3 complex
3036,-0.222335397938,0.896807131971,0.999993831105,"Ubiquitin E3 ligase (SKP1A, SKP2, CUL1, CKS1B, RBX1)"
2435,-0.583814421565,0.983391981329,0.999993831105,ITGA1-ITGB1-PTPN2 complex
2958,-0.116130323561,0.748734242284,0.999993831105,SMAD1-CBP complex
2547,0.0182455697633,0.544695261632,0.999993831105,PLC-gamma-1-SLP-76-SOS1-LAT complex
3075,-0.00303749713834,0.574594816786,0.999993831105,UTX-MLL2/3 complex
229,-0.00905701186415,0.593152974008,0.999993831105,NAT complex
874,-0.282784425901,0.910453712611,0.999993831105,"SNARE complex (VAMP3, VAMP4, VAMP8, STX6)"
3078,-0.417160319225,0.934905361984,0.999993831105,DGCR8-NCL complex
5859,-0.0973966613295,0.759889952738,0.999993831105,FAS-FADD-CASP8-CASP10 complex
2189,-0.699456652657,0.995762688102,0.999993831105,"Ubiquitin E3 ligase (SMAD3, BTRC, CUL1, SKP1A, RBX1)"
306,-0.0197115822623,0.790971190347,0.999993831105,"Ribosome, cytoplasmic"
846,-0.186505244767,0.931961751614,0.999993831105,"RICH1/AMOT polarity complex, Flag-Rich1 precipitated"
2383,-0.0973966613295,0.759889952738,0.999993831105,ITGA5-ITGB1-FN1-TGM2 complex
2385,-0.417160319225,0.934905361984,0.999993831105,ITGA5-ITGB4 complex
222,-0.583814421565,0.983391981329,0.999993831105,CAND1-CUL3-RBX1 complex
221,-0.583814421565,0.983391981329,0.999993831105,CAND1-CUL2-RBX1 complex
522,-0.583814421565,0.983391981329,0.999993831105,Polycystin-1-E-cadherin-beta-catenin-Flotillin-2 complex
220,-0.583814421565,0.983391981329,0.999993831105,ARF-Mule complex
2443,-0.417160319225,0.934905361984,0.999993831105,ITGA9-ITGB1-TNC complex
308,-0.0156594400591,0.704006414966,0.999993831105,"60S ribosomal subunit, cytoplasmic"
5341,-0.417160319225,0.934905361984,0.999993831105,ELMO1-DOCK2 complex
5342,-0.282784425901,0.910453712611,0.999993831105,ELMO1-DOCK1-RAC1 complex
224,-0.282784425901,0.910453712611,0.999993831105,CAND1-CUL4B-RBX1 complex
298,-0.417160319225,0.934905361984,0.999993831105,VEGF transcriptional complex
2254,0.0182455697633,0.544695261632,0.999993831105,CTGF/Hcs24-actin complex
5736,-0.583814421565,0.983391981329,0.999993831105,Pre-initiation complex (PIC)
706,0.0599609354944,0.491514099067,0.999993831105,"SNARE complex (HGS, SNAP25, STX13)"
5862,-0.417160319225,0.934905361984,0.999993831105,CAV1-VDAC1-ESR1 complex
1737,-0.0123337252195,0.602905440981,0.999993831105,SF3b complex
1734,-0.106693166845,0.755774775147,0.999993831105,SF3A1-SF3A2-SF3A3 complex
3678,0.0599609354944,0.491514099067,0.999993831105,"RIN1-STAM2-EGFR complex, EGF stimulated"
2814,0.0599609354944,0.491514099067,0.999993831105,BRCA1-HDAC1-HDAC2 complex
2817,-0.0973966613295,0.759889952738,0.999993831105,BRCA1-BARD1-BACH1-DNA damage complex I
193,-0.00159827006306,0.580422150523,0.999993831105,PA700-20S-PA28 complex
5232,-0.157746783029,0.957713698229,0.999993831105,"TNF-alpha/Nf-kappa B signaling complex (RPL6, RPL30, RPS13, CHUK, DDX3X, NFKB2, NFKBIB, REL, IKBKG, NFKB1, MAP3K8, RELB, GLG1, NFKBIA, RELA, TNIP2,  GTF2I)"
848,-0.0882382579118,0.760483473733,0.999993831105,"RICH1/AMOT polarity complex, Flag-Amot precipitated"
5230,-0.104088008348,0.843034458681,0.999993831105,CHUK-NFKB2-REL-IKBKG-SPAG9-NFKB1-NFKBIE-COPB2-TNIP1-NFKBIA-RELA-TNIP2 complex
5337,-0.116130323561,0.748734242284,0.999993831105,ELMO1-DOCK1 complex
5101:5100,-0.417160319225,0.934905361984,0.999993831105,CyclinD3-CDK4-CDK6-p21 complex
190,-0.417160319225,0.934905361984,0.999993831105,Mitotic checkpoint complex (MCC)
5363,-0.282784425901,0.910453712611,0.999993831105,"Actin-ribonucleoprotein complex (POLR2A, GTF2F1, HNRNPU)"
562,-0.0122686397487,0.601559497475,0.999993831105,LSm2-8 complex
509,-0.186505244767,0.931961751614,0.999993831105,TFIID complex
2821,-0.417160319225,0.934905361984,0.999993831105,hSIR2-p53 complex
5220,-0.0973966613295,0.759889952738,0.999993831105,CHUK-IQGAP2-AKAP8L-RELA-TNIP2 complex
3149,-0.18514827092,0.886605657338,0.999993831105,NK-3-Groucho-HIPK2-SIN3A-RbpA48-HDAC1 complex
2826,0.0182455697633,0.544695261632,0.999993831105,ITGB3-ITGAV-VTN complex
2955:2960,-0.116130323561,0.748734242284,0.999993831105,"LCK-SLP76-PLC-gamma-1-LAT complex, pervanadate-activated"
1029,-0.362596503822,0.992020420662,0.999993831105,TFIIH transcription factor complex
1255,-0.116130323561,0.748734242284,0.999993831105,"Ubiquitin E3 ligase (SIAH1, SIP, SKP1A, TBL1X)"
1165,-0.583814421565,0.983391981329,0.999993831105,RNF20-RNF40-UbE2E1 complex
2470,-0.106693166845,0.755774775147,0.999993831105,p130Cas-ER-alpha-cSrc-kinase- PI3-kinase p85-subunit complex
5158,-0.106693166845,0.755774775147,0.999993831105,SMARCA2/BRM-BAF57-MECP2 complex
152,0.0599609354944,0.491514099067,0.999993831105,TFIIE complex
2399,0.0182455697633,0.544695261632,0.999993831105,ITGA3-ITGB1-CD63 complex
2398,-0.106693166845,0.755774775147,0.999993831105,ITGA3-ITGB1-BSG complex
5466,0.0182455697633,0.544695261632,0.999993831105,IKB(beta)-RELA-cREL complex
57,-0.116130323561,0.748734242284,0.999993831105,HDAC4-ERK2 complex
1413,-0.0901876728572,0.827941677282,0.999993831105,NCOR1 complex
2774,0.0182455697633,0.544695261632,0.999993831105,MDC1-H2AFX-TP53BP1 complex
5467,-0.417160319225,0.934905361984,0.999993831105,IKB(alpha)-RELA-cREL complex
531,-0.583814421565,0.983391981329,0.999993831105,XPA-ERCC1-ERCC4 complex
2431,-0.583814421565,0.983391981329,0.999993831105,ITGA2-ITGB1-COL6A3 complex
1168,-0.282784425901,0.910453712611,0.999993831105,SKI complex
2395,-0.583814421565,0.983391981329,0.999993831105,ITGA7-ITGB1-CD151 complex
1200,-0.0122686397487,0.601559497475,0.999993831105,Oligosaccharyltransferase complex (Stt3B variant)
909,-0.104088008348,0.843034458681,0.999993831105,ARC92-Mediator complex
3033,0.0599609354944,0.491514099067,0.999993831105,PAC3-PAC4 complex
5573,0.0599609354944,0.491514099067,0.999993831105,Stat1-alpha-dimer-CBP DNA-protein complex
2192,-0.000486648321429,0.575553382035,0.999993831105,"Ubiquitin E3 ligase (NIPA, SKP1A, CUL1, RBX1)"
5465,-0.583814421565,0.983391981329,0.999993831105,IKB(epsilon)-RELA-cREL complex
605,-0.106693166845,0.755774775147,0.999993831105,"TIM (TIMM17ab, TIMM23, TIMM44) complex, mitochondrial"
1743,-0.282784425901,0.910453712611,0.999993831105,(E.F.G) complex
2775,-0.106693166845,0.755774775147,0.999993831105,MDC1-p53BP1-SMC1 complex
2170,-0.417160319225,0.934905361984,0.999993831105,"Ubiquitin E3 ligase (CDC34, CUL1, RBX1)"
1257,-0.0832912849743,0.92484832873,0.999993831105,ALL-1 supercomplex
1183,0.0134806849921,0.471821450763,0.999993831105,CDC5L complex
5564,-0.116130323561,0.748734242284,0.999993831105,LMO4-gp130 complex
2786,-0.417160319225,0.934905361984,0.999993831105,BRCA1 A complex
1037,-0.222335397938,0.896807131971,0.999993831105,TFIIH transcription factor core complex
1064,-0.116130323561,0.748734242284,0.999993831105,IFP35-NMI complex
1060,-0.0882382579118,0.760483473733,0.999993831105,"Retromer complex (SNX1, SNX2, VPS35, VPS29, VPS26B)"
5264,-0.417160319225,0.934905361984,0.999993831105,TCF4-CTNNB1-CREBBP complex
4200,-0.116130323561,0.748734242284,0.999993831105,DLP1-hFIS1 complex
5800:5799,0.0182455697633,0.544695261632,0.999993831105,"Death-inducing signaling complex DISC (type I cells associated), stimulated"
1749,-0.405118004012,0.996978547104,0.999993831105,SMN-PolII-RHA complex
2763,-0.116130323561,0.748734242284,0.999993831105,MBD1-Suv39h1-HP1 complex
441,-0.119558455136,0.855978585039,0.999993831105,TFTC-type histone acetyl transferase complex
103,-0.0907196857707,0.909699208333,0.999993831105,RNA polymerase II holoenzyme complex
720,0.0599609354944,0.491514099067,0.999993831105,PU.1-SIN3A-HDAC complex
1746,-0.362596503822,0.992020420662,0.999993831105,SMN containing complex
2351,-0.116130323561,0.748734242284,0.999993831105,ITGB6-FYN-FN1 complex
1167,-0.0882382579118,0.760483473733,0.999993831105,Paf complex
3166,0.0599609354944,0.491514099067,0.999993831105,AXIN-APC-betaCatenin-GSK3B complex
1068,-0.141340195305,0.909716275728,0.999993831105,12S U11 snRNP
2829,-0.00717799534008,0.588819031454,0.999993831105,RSmad complex
5385,-0.0973966613295,0.759889952738,0.999993831105,GAIT complex
5223,-0.116130323561,0.748734242284,0.999993831105,"Casein kinase II (beta-dimer, alpha'-dimer)"
2638,-0.380245425043,0.985256916878,0.999993831105,HES1 promoter corepressor complex
944,0.0182455697633,0.544695261632,0.999993831105,"Class C Vps complex (VPS11, VPS18, VPS16)"
886,-0.0882382579118,0.760483473733,0.999993831105,MTA1 complex
753,-0.398426656993,0.970352823226,0.999993831105,UTM-SGCE-DAG1-CAV1-NOS3 complex
2753,-0.106693166845,0.755774775147,0.999993831105,FYB-CARMA1-BCL-10-MALT1 complex
5606,-0.0973966613295,0.759889952738,0.999993831105,Emerin-actin-NMI-(alphaII)spectrin complex
2754,0.0182455697633,0.544695261632,0.999993831105,JUND-FOSB-SMAD3-SMAD4 complex
2757,-0.222335397938,0.896807131971,0.999993831105,"SMN complex, U7 snRNA specific"
2756,0.0599609354944,0.491514099067,0.999993831105,"Ubiquitin-protein-ligase (UBE2N, UBE2V2/MMS2)"
3112,-0.106693166845,0.755774775147,0.999993831105,ITGA5-ITGB1-SPP1 complex
1248:5816,-0.116130323561,0.748734242284,0.999993831105,Apoptosome
55,0.0599609354944,0.491514099067,0.999993831105,HDAC4-ERK1 complex
1474,-0.583814421565,0.983391981329,0.999993831105,SMAD3/4-E2F4/5-p107-DP1 complex
3284,-0.787208262248,0.998918907036,0.999993831105,"SMN complex (GEMIN5,2,3,4, SMN)"
5607,0.0182455697633,0.544695261632,0.999993831105,Emerin-actin-NMI complex
3525,-0.222335397938,0.896807131971,0.999993831105,Tetrameric COG subcomplex
1505,-0.438302457492,0.994806989832,0.999993831105,NCOR2 complex
805:730,-0.417160319225,0.934905361984,0.999993831105,"SNARE complex (STX4, SNAP23)"
1571,-0.000486648321429,0.575553382035,0.999993831105,Vigilin-DNA-PK-Ku antigen complex
5604,-0.137272461828,0.867183371727,0.999993831105,Emerin complex 1
2534,0.0182455697633,0.544695261632,0.999993831105,"Cbl-SLP-76-Grb2 complex, Fc receptor gamma-R1 stimulated"
186,-0.486178266584,0.990616969433,0.999993831105,Wave-2 complex
181,0.00727360699864,0.519663049084,0.999993831105,26S proteasome
657,-0.310087007528,0.959860556969,0.999993831105,"Retromer complex (SNX1, SNX2, VPS35, VPS29, VPS26A)"
2710,-0.106693166845,0.755774775147,0.999993831105,LRP-1-Alpha-2-M-annexin VI complex
5540,-0.417160319225,0.934905361984,0.999993831105,TRAF2-TRADD complex
2885,0.0182455697633,0.544695261632,0.999993831105,ITGAV-ITGB1-SPP1 complex
2884,-0.158396675427,0.877151299044,0.999993831105,"Respiratory chain complex I (early intermediate NDUFAF1 assembly), mitochondrial"
889,-0.000486648321429,0.575553382035,0.999993831105,MTA1-HDAC core complex
888,-0.00717799534008,0.588819031454,0.999993831105,MTA2 complex
943,-0.583814421565,0.983391981329,0.999993831105,"Class C Vps complex (VPS11, VPS18, STX7)"
5215,-0.116130323561,0.748734242284,0.999993831105,CS-MAP3K7IP1-MAP3K7IP2 complex
1141,-0.200026590452,0.986889479396,0.999993831105,CF IIAm complex (Cleavage factor IIAm complex)
1750,-0.222335397938,0.896807131971,0.999993831105,PPP4C-PPP4R2-Gemin3-Gemin4 complex
1143,-0.11635409787,0.912627938792,0.999993831105,SMN complex
1177,0.0182455697633,0.544695261632,0.999993831105,Polycomb repressive complex 4 (PRC4)
682,-0.116130323561,0.748734242284,0.999993831105,C-CFTR-NHERF(PDZ1 domain)-ezrin complex
142,0.0182455697633,0.544695261632,0.999993831105,"CD147-gamma-secretase complex (APH-1a, PS-1, PEN-2, NCT variant)"
614,-0.137272461828,0.867183371727,0.999993831105,NRD complex (Nucleosome remodeling and deacetylation complex)
1045,-0.583814421565,0.983391981329,0.999993831105,Snurportin-CRM1-RanGTP complex
5535,-0.417160319225,0.934905361984,0.999993831105,PLCB3-PARD3-PARD6A complex
5534,-0.116130323561,0.748734242284,0.999993831105,PLCB1-PARD3-PARD6A complex
3059,-0.106693166845,0.755774775147,0.999993831105,ITGA11-ITGB1-COL1A1 complex
75,-0.417160319225,0.934905361984,0.999993831105,TSC1-TSC2 complex
2376,-0.000486648321429,0.575553382035,0.999993831105,ITGA2B-ITGB3-FN1-TGM2 complex
2717,-0.116130323561,0.748734242284,0.999993831105,"Ubiquitin E3 ligase (TRIM25, DDX58)"
2878,-0.583814421565,0.983391981329,0.999993831105,P-TEFb-7SKRNA-HEXIM1 complex
770,-0.0104139857108,0.598412251697,0.999993831105,TREX complex
563,0.00174035717618,0.55605952592,0.999993831105,"F1F0-ATP synthase (EC 3.6.3.14), mitochondrial"
2343,0.0182455697633,0.544695261632,0.999993831105,ITGAV-ITGB5-PLAUR complex
3979,-0.222335397938,0.896807131971,0.999993831105,"mTORC2 complex (mTOR/FRAP1, LST8, mAVO3/RICTOR, SIN1)"
3118,-0.255306688435,0.950544163697,0.999993831105,SMN1-SIP1-SNRP complex
5193,-0.0901876728572,0.827941677282,0.999993831105,"TNF-alpha/NF-kappa B signaling complex (CHUK, KPNA3, NFKB2, NFKBIB, REL, IKBKG,  NFKB1, NFKBIE, RELB,  NFKBIA, RELA, TNIP2)"
5196,-0.378470884535,0.998126824728,0.999993831105,"TNF-alpha/NF-kappa B signaling complex (CHUK, BTRC, NFKB2, PPP6C, REL, CUL1, IKBKE, SAPS2, SAPS1, ANKRD28, RELA, SKP1)"
5197,-0.00905701186415,0.593152974008,0.999993831105,PTIP-DNA damage response complex
5194,-0.0123337252195,0.602905440981,0.999993831105,"TNF-alpha/NF-kappa B signaling complex (SEC16A, CHUK, IKBKB, NFKB2, REL, IKBKG, MAP3K14, RELA, FBXW7, USP2)"
3231,-0.116130323561,0.748734242284,0.999993831105,Eps15-stonin2 complex
2825,-0.076607045362,0.884819589663,0.999993831105,BRCA1-RNA polymerase II complex
5210,0.0599609354944,0.491514099067,0.999993831105,TANK-TRAF2-TRAF3 complex
3111,-0.116130323561,0.748734242284,0.999993831105,ITGA9-ITGB1-SPP1 complex
833,0.0182455697633,0.544695261632,0.999993831105,6S methyltransferase complex
2882,-0.106693166845,0.755774775147,0.999993831105,ITGA5-ITGB3-COL6A3 complex
5745:5746:5689,0.0599609354944,0.491514099067,0.999993831105,PlexinA1-NRP1 complex
2762:2761:3740:2692:2708,-0.417160319225,0.934905361984,0.999993831105,SMAD3-SMAD4-FOXO4 complex
490,-0.417160319225,0.934905361984,0.999993831105,TFIIA complex
27,-0.216453707875,0.941464049963,0.999993831105,Arp2/3 protein complex
1133,0.0599609354944,0.491514099067,0.999993831105,ATR-HDAC2 complex
3749,-0.116130323561,0.748734242284,0.999993831105,CREBBP-SMAD2 hexameric complex
1139,-0.417160319225,0.934905361984,0.999993831105,"SNARE complex (VAMP2, SNAP25, STX1a, STX3, CPLX1, CPLX3, CPLX4)"
587,-0.0123337252195,0.602905440981,0.999993831105,NuRD.1 complex
3186,0.0599609354944,0.491514099067,0.999993831105,"GRB2-SHP-2 complex, PDGF stimulated"
5843,-0.116130323561,0.748734242284,0.999993831105,AIF-CYPA-DNA complex
2406,0.0599609354944,0.491514099067,0.999993831105,ITGA3-ITGB1 complex
1377,-0.222335397938,0.896807131971,0.999993831105,hASC-1 complex
2153,-0.106693166845,0.755774775147,0.999993831105,ITGAM-ITGB2-CD11 complex
5251,-0.310087007528,0.959860556969,0.999993831105,Ku-ORC complex
5319,-0.116130323561,0.748734242284,0.999993831105,CDH1-CKS1B complex
5724,-0.116130323561,0.748734242284,0.999993831105,CIN85-SH3GL3-CBL complex
87,-0.162079955326,0.921526484067,0.999993831105,Nup 107-160 subcomplex
5615,-0.00197342706507,0.574650681989,0.999993831105,Emerin complex 52
936,-0.417160319225,0.934905361984,0.999993831105,FACT complex
2418:2422,-0.417160319225,0.934905361984,0.999993831105,ITGA4-ITGB1 complex
376,-0.0882382579118,0.760483473733,0.999993831105,PCNA-MutS-alpha-MutL-alpha-DNA complex
820,-0.116130323561,0.748734242284,0.999993831105,"SNARE complex (STX6, SNAP23)"
375,-0.417160319225,0.934905361984,0.999993831105,MSH2-MSH3 complex
370,-0.583814421565,0.983391981329,0.999993831105,MSH2-MSH6-PMS1-MLH1 complex
3038:3739,-0.417160319225,0.934905361984,0.999993831105,SMAD2-SMAD4-FAST1 complex
5694,-0.417160319225,0.934905361984,0.999993831105,Nucleolar remodeling complex (NoRC complex)
2053:2752,-0.116130323561,0.748734242284,0.999993831105,BCL10-MALT1 complex
747:3263,-0.106693166845,0.755774775147,0.999993831105,NCOR-SIN3-HDAC1 complex
408,-0.417160319225,0.934905361984,0.999993831105,"Guanylyl cyclase, soluble (GUCY1A3, GUCY1B3)"
5386,-0.0115384397231,0.625963363827,0.999993831105,MLL1-WDR5 complex
86,-0.00303749713834,0.574594816786,0.999993831105,NUMAC complex (nucleosomal methylation activator complex)
5928,-0.106693166845,0.755774775147,0.999993831105,CNK1-SRC-RAF1 complex
3153,-0.417160319225,0.934905361984,0.999993831105,GNAQ-GEFT-RHOA complex
247,-0.857366679763,0.999724173716,0.999993831105,RalBP1-CCNB1-AP2A-NUMB-EPN1 complex
2715,-0.216453707875,0.941464049963,0.999993831105,"Ubiquitin E3 ligase (CSN1, CSN8, HRT1, SKP1, SKP2, CUL1, CUL2, CUL3)"
5235,-0.583814421565,0.983391981329,0.999993831105,WRN-Ku70-Ku80-PARP1 complex
1345,-0.0882382579118,0.760483473733,0.999993831105,Septin complex
2593,-0.417160319225,0.934905361984,0.999993831105,"FOXO3-SIRT1 complex, oxidative stress stimulated"
1221,-0.583814421565,0.983391981329,0.999993831105,TFIIA-TRF2 complex
2590,-0.116130323561,0.748734242284,0.999993831105,FOXO1-FHL2-SIRT1 complex
5649:5648:5647,-0.116130323561,0.748734242284,0.999993831105,FARP2-NRP1-PlexinA4 complex
615:227:390:2772:2773:2187,-0.417160319225,0.934905361984,0.999993831105,"Ubiquitin E3 ligase (SKP1A, SKP2, CUL1)"
517,-0.417160319225,0.934905361984,0.999993831105,"Kinase-scaffold-phosphatase complex, PKA-AKAP79-CaN"
1004,-0.378470884535,0.998126824728,0.999993831105,RC complex during S-phase of cell cycle
1005,-0.475380897543,0.999601046716,0.999993831105,RC complex during G2/M-phase of cell cycle
2375,0.0599609354944,0.491514099067,0.999993831105,FN1-TGM2 complex
2374,-0.106693166845,0.755774775147,0.999993831105,ITGAV-ITGB3-LAMA4 complex
2419,-0.583814421565,0.983391981329,0.999993831105,ITGA4-ITGB1-CD81 complex
2379,0.0182455697633,0.544695261632,0.999993831105,ITGA2B-ITGB3-CIB1 complex
519,0.0182455697633,0.544695261632,0.999993831105,AMY-1-S-AKAP84-RII-beta complex
3015,-0.0792154293794,0.75763066432,0.999993831105,"p27-cyclinE-Cdk2 - Ubiquitin E3 ligase (SKP1A, SKP2, CUL1, CKS1B, RBX1) complex"
2573,-0.255306688435,0.950544163697,0.999993831105,Class C VPS/HOPS complex
2574,0.0599609354944,0.491514099067,0.999993831105,CD19-Vav-PI 3-kinase (p85 subunit) complex
5400,-0.417160319225,0.934905361984,0.999993831105,BRCC complex
2578,0.0599609354944,0.491514099067,0.999993831105,Sam68-p120GAP complex
2830,-0.282784425901,0.910453712611,0.999993831105,TIF1gamma-SMAD2-SMAD3 complex
2833,-0.417160319225,0.934905361984,0.999993831105,SRm160-SRm300 complex
2834,-0.583814421565,0.983391981329,0.999993831105,SMAD4-SMAD2-SMAD3 complex
2413:2437,-0.116130323561,0.748734242284,0.999993831105,ITGA6-ITGB1 complex
243,-0.583814421565,0.983391981329,0.999993831105,RalBP1-CDC2-CCNB1 complex
3156,0.0182455697633,0.544695261632,0.999993831105,CBF1-HDAC1-SMRT complex
3150,-0.417160319225,0.934905361984,0.999993831105,NK-3-Groucho complex
2378,-0.282784425901,0.910453712611,0.999993831105,ITGA2b-ITGB3-TLN1 complex
5923,0.0599609354944,0.491514099067,0.999993831105,"RAF1-BRAF complex, RAS stimulated"
5922,0.0182455697633,0.544695261632,0.999993831105,"RAF1-RAS complex, EGF induced"
5171,-0.116130323561,0.748734242284,0.999993831105,SH3KBP1-CBLB-EGFR complex
2428,-0.583814421565,0.983391981329,0.999993831105,ITGA4-ITGB1-THBS2 complex
2224,-0.583814421565,0.983391981329,0.999993831105,MSH2/6-BLM-p53-RAD51 complex
2363,-0.222335397938,0.896807131971,0.999993831105,ITGAV-ITGB3-PXN-PTK2b complex
1030,-0.699456652657,0.995762688102,0.999993831105,CAK-ERCC2 complex
2366,0.0182455697633,0.544695261632,0.999993831105,ITGAV-ITGB3-PPAP2b complex
5189,-0.417160319225,0.934905361984,0.999993831105,YWHAQ-CALM1-CABIN1 complex
104:2686,-0.162079955326,0.921526484067,0.999993831105,RNA polymerase II core complex
2369,0.0182455697633,0.544695261632,0.999993831105,ITGAV-ITGB3-EGFR complex
871:636,-0.222335397938,0.896807131971,0.999993831105,BRAF53-BRCA2 complex
733,-0.116130323561,0.748734242284,0.999993831105,"SNARE complex (STX4, VAMP1, VAMP7)"
731,-0.583814421565,0.983391981329,0.999993831105,"SNARE complex (STX4, SNAP23, VAMP2)"
2564,0.0182455697633,0.544695261632,0.999993831105,"p21(ras)GAP-Fyn-Lyn-Yes complex, thrombin stimulated"
1162,-0.0882382579118,0.760483473733,0.999993831105,"Ubiquitin E3 ligase (DDB1, DDB2, CUL4A, CUL4B, RBX1)"
2429,-0.282784425901,0.910453712611,0.999993831105,ITGA2-ITGB1-CD47 complex
3160,-0.417160319225,0.934905361984,0.999993831105,RIAM-VASP complex
3167,-0.00905701186415,0.593152974008,0.999993831105,NCOR-SIN3-HDAC-HESX1 complex
3992,-0.417160319225,0.934905361984,0.999993831105,ClpXP complex
2197,-0.222335397938,0.896807131971,0.999993831105,FEN1-9-1-1 complex
2196,-0.222335397938,0.896807131971,0.999993831105,LIG1-9-1-1 complex
2809,-0.106693166845,0.755774775147,0.999993831105,9-1-1 complex
2808,-0.0973966613295,0.759889952738,0.999993831105,RAD9-RAD1-HUS1-APE1 complex
61,-0.0123337252195,0.602905440981,0.999993831105,Mi2/NuRD complex
60,-0.106693166845,0.755774775147,0.999993831105,Interferon-stimulated gene factor 3 transcription complex ISGF3
925,0.0599609354944,0.491514099067,0.999993831105,WCRF complex
3961,-0.106693166845,0.755774775147,0.999993831105,SMAD3-cSKI-SIN3A-HDAC1 complex
577,-0.417160319225,0.934905361984,0.999993831105,FHL2-p53-HIPK2 complex
570,-0.0123337252195,0.602905440981,0.999993831105,p300-CBP-p270-SWI/SNF complex
3753,-0.282784425901,0.910453712611,0.999993831105,CREBBP-SMAD2-SMAD4 pentameric complex
3008,-0.398426656993,0.970352823226,0.999993831105,60S APC containing complex
3750,-0.417160319225,0.934905361984,0.999993831105,CREBBP-SMAD3 hexameric complex
632,-0.0336699833333,0.707966234752,0.999993831105,Anti-HDAC2 complex
2400,-0.106693166845,0.755774775147,0.999993831105,ITGA3-ITGB1-CD151 complex
1810,-0.583814421565,0.983391981329,0.999993831105,ITGA4-PXN-GIT1 complex
3532,-0.116130323561,0.748734242284,0.999993831105,COG1-COG8 subcomplex
5118,-0.222335397938,0.896807131971,0.999993831105,"pRb2/p130-multimolecular complex (RB2, E2F4, HDAC1, SUV39H1, P300)"
5211,-0.18514827092,0.886605657338,0.999993831105,RAF1-PPP2-PIN1 complex
2731,-0.0122686397487,0.601559497475,0.999993831105,Set1A complex
2730,-0.00905701186415,0.593152974008,0.999993831105,Set1B complex
749,-0.0973966613295,0.759889952738,0.999993831105,MeCP2-SIN3A-HDAC complex
5213,-0.116130323561,0.748734242284,0.999993831105,Pex26-Pex6-Pex1 complex
934,-0.106693166845,0.755774775147,0.999993831105,FACT-NEK9 complex
1100,-0.398426656993,0.970352823226,0.999993831105,DNA polymerase alpha-primase complex
2685,-0.0438034307217,0.738950483471,0.999993831105,RNA polymerase II (RNAPII)
1106,-0.216453707875,0.941464049963,0.999993831105,TFIIIC containing-TOP1-SUB1 complex
634,-0.310087007528,0.959860556969,0.999993831105,XFIM complex
5184,-0.00905701186415,0.593152974008,0.999993831105,SWI/SNF chromatin-remodeling complex
2760:2707,-0.583814421565,0.983391981329,0.999993831105,SMAD3-SMAD4-FOXO3 complex
96,-0.0104139857108,0.598412251697,0.999993831105,Anaphase-promoting complex
162,-0.119558455136,0.855978585039,0.999993831105,Conserved oligomeric Golgi (COG) complex
5558,0.0599609354944,0.491514099067,0.999993831105,PAR6-CDC42 complex
3206,-0.116130323561,0.748734242284,0.999993831105,SMAD4-SKI-NCOR complex
3205,-0.417160319225,0.934905361984,0.999993831105,SMAD3-SKI-NCOR complex
3204,-0.116130323561,0.748734242284,0.999993831105,SMAD2-SKI-NCOR complex
1169,-0.699456652657,0.995762688102,0.999993831105,"SNARE complex (STX4, VAMP8, VAMP3, SNAP23)"
2426,-0.583814421565,0.983391981329,0.999993831105,ITGA4-ITGB1-THBS1 complex
460,0.0599609354944,0.491514099067,0.999993831105,CRB1-MPP5-INADL complex
2908:2930,-0.417160319225,0.934905361984,0.999993831105,RBP-Jkappa-SHARP complex
2423,-0.106693166845,0.755774775147,0.999993831105,ITGA4-ITGB1-CD47 complex
2421,-0.583814421565,0.983391981329,0.999993831105,ITGA4-ITGB1-VCAM1 complex
2420,-0.583814421565,0.983391981329,0.999993831105,ITGA4-ITGB1-CD53 complex
95,-0.583814421565,0.983391981329,0.999993831105,Ku antigen-NARG1 complex
876,-0.282784425901,0.910453712611,0.999993831105,"SNARE complex (VAMP3, STX6, VTI1A)"
3618,-0.282784425901,0.910453712611,0.999993831105,GammaH2AFX-NDHII-Ku70-DNA complex
5877,-0.222335397938,0.896807131971,0.999993831105,MAP2K1-BRAF-RAF1-YWHAE-KSR1 complex
2411,-0.282784425901,0.910453712611,0.999993831105,ITGA6-ITGB1-CD151 complex
2342,-0.000486648321429,0.575553382035,0.999993831105,ITGAV-ITGB8-MMP14-TGFB1 complex
5343,-0.282784425901,0.910453712611,0.999993831105,ELMO1-DOCK1-CRKII complex
1827,-0.583814421565,0.983391981329,0.999993831105,PML-SMAD2/3-SARA complex
5596,-0.0973966613295,0.759889952738,0.999993831105,"LINC complex, quiescent cells"
1070:1096:1091,0.0182455697633,0.544695261632,0.999993831105,"SNX complex (SNX1a, SNX2, SNX4)"
1191,-0.18514827092,0.886605657338,0.999993831105,RNA pol II containing coactivator complex Tat-SF
5755,0.0182455697633,0.544695261632,0.999993831105,SUMO1-SUA1-UBA2 complex
999,-0.116130323561,0.748734242284,0.999993831105,p23 protein complex
2706,-0.583814421565,0.983391981329,0.999993831105,SMAD3-SMAD4-SP1 complex
2704,-0.116130323561,0.748734242284,0.999993831105,Ectodermin-SMAD4 complex
2705,-0.583814421565,0.983391981329,0.999993831105,SMAD3-SMAD4-CTCF protein-DNA complex
2709,0.0182455697633,0.544695261632,0.999993831105,MMP-9-TIMP-1-LRP complex
2417,-0.583814421565,0.983391981329,0.999993831105,ITGA4-ITGB1-EMILIN1 complex
1193,-0.313363720883,0.979674691776,0.999993831105,Rap1 complex
1194,-0.158396675427,0.877151299044,0.999993831105,E2F-6 complex
520,-0.119558455136,0.855978585039,0.999993831105,KCNQ1 macromolecular complex
4998,0.0599609354944,0.491514099067,0.999993831105,p97/VCP-VIMP-DERL2 complex
2220,-0.417160319225,0.934905361984,0.999993831105,RAD52-ERCC4-ERCC1 complex
5925,0.0599609354944,0.491514099067,0.999993831105,"BRAF-CNK1 complex, not RAS stimulated"
2529,-0.0122686397487,0.601559497475,0.999993831105,"LAT-PLC-gamma-1-p85-GRB2-CBL-VAV-SLP-76 signaling complex, C305 activated"
696,-0.0703256721972,0.75145274526,0.999993831105,BRMS1-SIN3-HDAC complex
3129,0.0182455697633,0.544695261632,0.999993831105,STAT6-p100-RHA complex
5176,-0.000486648321429,0.575553382035,0.999993831105,MGC1-DNA-PKcs-Ku complex
2956,0.0599609354944,0.491514099067,0.999993831105,"PLC-gamma-1-LAT-c-CBL complex, OKT3 stimulated"
5502,-0.106693166845,0.755774775147,0.999993831105,EED-EZH-YY1 polycomb complex
571,-0.583814421565,0.983391981329,0.999993831105,p300-CBP-p270 complex
5920,-0.106693166845,0.755774775147,0.999993831105,KSR1-RAF1-MEK complex
774,-0.310087007528,0.959860556969,0.999993831105,THO complex
391:2172,0.0182455697633,0.544695261632,0.999993831105,"Ubiquitin E3 ligase (DDB1, CUL4A, RBX1)"
2226:374,-0.417160319225,0.934905361984,0.999993831105,MutS-alpha-PK-zeta complex
236,-0.417160319225,0.934905361984,0.999993831105,WICH complex
5876,-0.310087007528,0.959860556969,0.999993831105,PPP2R1A-PPP2R1B-PPP2CA-PPME1-EIF4A1 complex
924,-0.216453707875,0.941464049963,0.999993831105,Toposome
1105:1113,-0.787208262248,0.998918907036,0.999993831105,TFIIIC containing complex
5243,-0.0973966613295,0.759889952738,0.999993831105,XRCC1-LIG3-PNK-TDP1 complex
3067,-0.0122686397487,0.601559497475,0.999993831105,"RNA polymerase II complex, incomplete (CDK8 complex), chromatin structure modifying"
2863,-0.116130323561,0.748734242284,0.999993831105,Serine-palmitoyltransferase (SPT) complex
784,-0.18514827092,0.886605657338,0.999993831105,SMG-1-Upf1-eRF1-eRF3 complex (SURF)
389,-0.222335397938,0.896807131971,0.999993831105,ORC complex (origin recognition complex)
386,-0.417160319225,0.934905361984,0.999993831105,"Ubiquitin E3 ligase (UBADC1, RNF123)"
2766,-0.380245425043,0.985256916878,0.999993831105,TERF2-RAP1 complex
559,-0.398426656993,0.970352823226,0.999993831105,Decapping complex
745,-0.000486648321429,0.575553382035,0.999993831105,NCOR-SIN3-RPD3 complex
748,-0.417160319225,0.934905361984,0.999993831105,TRAF6-TAK1 complex
1380,-0.699456652657,0.995762688102,0.999993831105,Elongator holo complex
363,0.0599609354944,0.491514099067,0.999993831105,DNA ligase III-XRCC1 complex
368,-0.282784425901,0.910453712611,0.999993831105,ERCC1-ERCC4-MSH2 complex
725,-0.0615665081582,0.742010795721,0.999993831105,P2X7 receptor signalling complex
2381:3115,-0.116130323561,0.748734242284,0.999993831105,ITGA2B-ITGB3 complex
724,-0.116130323561,0.748734242284,0.999993831105,MAF2 complex
835,-0.0703256721972,0.75145274526,0.999993831105,6S methyltransferase and RG-containing Sm proteins complex
832,-0.0792154293794,0.75763066432,0.999993831105,Anti-Sm protein complex
514:485,-0.137272461828,0.867183371727,0.999993831105,TFIID-beta complex
557,0.0182455697633,0.544695261632,0.999993831105,TRP1-G alpha-11-IP3R3-CAV1 signaling complex
4216,-0.417160319225,0.934905361984,0.999993831105,GR-hnRNP U complex
3064,0.00409339220384,0.542243004828,0.999993831105,"RNA polymerase II complex, chromatin structure modifying"
1182,-0.0792154293794,0.75763066432,0.999993831105,CDC5L core complex
1185,0.0182455697633,0.544695261632,0.999993831105,EGFR-containing signaling complex
2946,-0.417160319225,0.934905361984,0.999993831105,YY1-Notch1-RBP-Jkappa complex
5685,-0.583814421565,0.983391981329,0.999993831105,"Membrane protein complex (VCP, UFD1L, SEC61B)"
541,-0.116130323561,0.748734242284,0.999993831105,IGF1-IGFBP3-ALS complex
